<?xml version="1.0" encoding="UTF-8"?>
<rendertheme xmlns:xsi="http://www.w3.org/2001/XMLSchema-instance" map-background="#F8F8F8"
    map-background-outside="#DDDDDD" version="5" xmlns="http://mapsforge.org/renderTheme"
    xsi:schemaLocation="http://mapsforge.org/renderTheme https://raw.githubusercontent.com/mapsforge/mapsforge/master/resources/renderTheme.xsd">

    <rule e="way" k="natural" v="issea|sea">
        <area fill="#B3DDFF" />
    </rule>

    <rule e="way" k="natural" v="nosea">
        <area fill="#F8F8F8" stroke="#F8F8F8" stroke-width="1.0" />
    </rule>

    <rule e="way" k="natural" v="land">
        <area fill="#BBF8F8F8" stroke="#F8F8F8" stroke-width="0.1" />
    </rule>

    <!-- landuse -->
    <rule e="way" k="landuse" v="military">
        <area src="jar:patterns/military.png" stroke="#e4e4e4" stroke-width="0.2" />
    </rule>
    <rule e="way" k="landuse" v="residential" zoom-min="14">
        <area fill="#BBDEDEDE" />
    </rule>
    <rule e="way" k="landuse" v="retail" zoom-min="14">
        <area fill="#BBF0CCF0" stroke="#E4E4E4" stroke-width="0.2" />
    </rule>

    <rule e="way" k="landuse" v="commercial|industrial|brownfield|railway|garages|construction"
        zoom-min="14">
        <area fill="#BBC9DDDD" stroke="#CCCCCC" stroke-width="0.2" />
    </rule>
    <rule e="way" k="amenity" v="school|college|university" zoom-min="14">
        <area fill="#F7F0D4" stroke="#CC7466" stroke-width="0.2" />
    </rule>
    <rule e="way" k="leisure|tourism|landuse"
        v="park|zoo|picnic_site|camp_site|caravan_site|recreation_ground" zoom-min="14">
        <area fill="#BBC7F1A3" stroke="#6FC18E" stroke-width="0.2" />
    </rule>
    <rule e="way" k="natural|landuse" v="forest|wood">
        <area fill="#A5CBA5" />
        <rule e="any" k="*" v="*" zoom-min="13">
            <rule e="any" k="wood" v="coniferous">
                <area src="jar:patterns/coniferous.svg" symbol-height="50" symbol-width="50" />
            </rule>
            <rule e="any" k="wood" v="deciduous">
                <area src="jar:patterns/deciduous.svg" symbol-height="50" symbol-width="50" />
            </rule>
            <rule e="any" k="wood" v="~|*">
                <area src="jar:patterns/coniferous_and_deciduous.svg" symbol-height="50"
                    symbol-width="50" />
            </rule>
        </rule>
    </rule>

    <rule e="way" k="landuse|natural" v="meadow|grassland" zoom-min="13">
        <area fill="#BBE6FFDB" stroke="#C6E6B8" stroke-width="0.1" />
    </rule>
    <rule e="way" k="landuse" v="field|farm|farmland|orchard|vineyard" zoom-min="13">
        <area src="jar:patterns/farmland.svg" symbol-height="70" symbol-width="70" />
    </rule>
    <rule e="way" k="natural" v="marsh|wetland|mud" zoom-min="13">
        <area fill="#88D0D9BF" stroke="#D0D9BF" stroke-width="0.1" />
        <area src="jar:patterns/swamp.svg" symbol-height="40" symbol-width="40" />
    </rule>
    <rule e="way" k="natural" v="beach|sand" zoom-min="14">
        <area fill="#FAEBB9" />
    </rule>
    <rule e="way" k="natural" v="rock|stone|bare_rock|bedrock" zoom-min="14">
        <area fill="#BBF1F1F1" stroke="#F1F1F1" stroke-width="0.1" />
        <area src="jar:patterns/hills.svg" symbol-height="40" symbol-width="40" />
    </rule>
    <rule e="way" k="natural" v="heath" zoom-min="14">
        <area fill="#BBEBF7E4" stroke="#EBF7E4" stroke-width="0.1" />
        <area src="jar:patterns/grass.svg" symbol-percent="30" />
    </rule>
    <rule e="way" k="natural" v="scrub" zoom-min="14">
        <area fill="#BBB7EBA4" stroke="#B7EBA4" stroke-width="0.1" />
        <area src="jar:patterns/scrub.svg" symbol-percent="50" />
    </rule>
    <rule e="way" k="natural" v="fell" zoom-min="14">
        <area fill="#BBE9FCE6" stroke="#E9FCE6" stroke-width="0.1" />
        <area src="jar:patterns/quarry.svg" symbol-height="90" symbol-width="90" />
    </rule>
    <rule e="way" k="natural" v="scree" zoom-min="14">
        <area fill="#BBF5F5F5" stroke="#F5F5F5" stroke-width="0.1" />
        <area src="jar:patterns/quarry.svg" symbol-height="90" symbol-width="90" />
    </rule>
    <rule e="way" k="natural" v="glacier" zoom-min="12">
        <area fill="#BBE0FFFF" stroke="#E0FFFF" stroke-width="0.8" />
    </rule>
    <rule e="way" k="landuse" v="landfill|quarry" zoom-min="14">
        <area fill="#CCF2EFE4" stroke="#9EA199" stroke-width="0.2" />
        <area src="jar:patterns/quarry.svg" symbol-height="90" symbol-width="90" />
    </rule>
    <rule e="way" k="landuse|leisure" v="garden|village_green|common|grass" zoom-min="14">
        <area fill="#BBC7F1A3" stroke="#6FC18E" stroke-width="0.2" />
    </rule>
    <rule e="way" k="landuse|leisure" v="allotments|greenfield|golf_course" zoom-min="15">
        <area fill="#BBD3EBD9" stroke="#6FC13D" stroke-width="0.2" />
    </rule>
    <rule e="way" k="landuse|amenity" v="cemetery|grave_yard" zoom-min="14">
        <area src="jar:patterns/cemetery.png" />
    </rule>
    <rule e="way" k="natural|landuse"
        v="land|beach|sand|rock|fell|meadow|grassland|heath|marsh|wetland|scree|scrub|forest|wood"
        zoom-min="15">
        <caption fill="#202020" font-family="serif" font-size="10" font-style="italic" k="name"
            stroke="#FFFFFF" stroke-width="0.1" />
    </rule>
    <rule e="way" k="landuse" v="landfill|quarry|vineyard|field|farm|farmland|orchard"
        zoom-min="16">
        <caption fill="#202020" font-family="serif" font-size="16" font-style="italic" k="name"
            stroke="#FFFFFF" stroke-width="0.1" />
    </rule>
    <rule e="way" k="landuse|leisure|amenity"
        v="grass|village_green|recreation_ground|military|park|garden|common|green|dog_park|allotments|cemetery|graveyard"
        zoom-min="16">
        <caption fill="#202020" font-family="serif" font-size="14" font-style="italic" k="name"
            stroke="#FFFFFF" stroke-width="2.0" />
    </rule>

    <!-- tunnels -->
    <rule e="way" k="tunnel" v="true|yes|culvert|building_passage|passage">
        <!-- highway tunnel -->
        <rule e="way" k="highway" v="steps|footway|path">
            <line stroke="#80CCCCCC" stroke-dasharray="0,12,4,0" stroke-linecap="butt"
                stroke-width="0.5" />
            <line stroke="#60999999" stroke-dasharray="12,4" stroke-linecap="butt"
                stroke-width="0.5" />
        </rule>
        <rule e="way" k="highway" v="track|bridleway|byway|cycleway|service">
            <line stroke="#80CCCCCC" stroke-dasharray="0,12,4,0" stroke-linecap="butt"
                stroke-width="1.0" />
            <line stroke="#60999999" stroke-dasharray="12,4" stroke-linecap="butt"
                stroke-width="1.0" />
        </rule>
        <rule e="way" k="highway"
            v="road|pedestrian|unclassified|residential|living_street|construction">
            <line stroke="#80CCCCCC" stroke-dasharray="0,12,4,0" stroke-linecap="butt"
                stroke-width="1.3" />
            <line stroke="#60999999" stroke-dasharray="12,4" stroke-linecap="butt"
                stroke-width="1.3" />
        </rule>
        <rule e="way" k="highway"
            v="tertiary|tertiary_link|secondary_link|primary_link|trunk_link|motorway_link|secondary|primary|trunk">
            <line stroke="#80CCCCCC" stroke-dasharray="0,16,6,0" stroke-linecap="butt"
                stroke-width="1.5" />
            <line stroke="#60999999" stroke-dasharray="16,6" stroke-linecap="butt"
                stroke-width="1.5" />
        </rule>
        <rule e="way" k="highway" v="motorway">
            <line stroke="#80CCCCCC" stroke-dasharray="0,20,8,0" stroke-linecap="butt"
                stroke-width="1.7" />
            <line stroke="#60999999" stroke-dasharray="20,8" stroke-linecap="butt"
                stroke-width="1.7" />
        </rule>

        <!-- railway tunnel -->
        <rule e="way" k="railway"
            v="tram|subway|light_rail|narrow_gauge|preserved|funicular|miniature|monorail">
            <line stroke="#60999999" stroke-dasharray="4,6" stroke-linecap="butt"
                stroke-width="0.25" />
        </rule>
        <rule e="way" k="railway" v="rail">
            <line stroke="#60999999" stroke-dasharray="6,6" stroke-linecap="butt"
                stroke-width="0.4" />
        </rule>
    </rule>


    <!-- waterbodies -->
    <rule e="any" k="*" v="*">
        <rule e="way" k="bridge" v="yes|true|viaduct|aqueduct|suspension|culvert|swing">
            <rule e="way" k="waterway" v="ditch|drain|stream">
                <line stroke="#333333" stroke-linecap="butt" stroke-width="1.6" />
                <line stroke="#EEEEEE" stroke-linecap="butt" stroke-width="1.2" />
            </rule>
            <rule e="way" k="waterway" v="canal|river">
                <line stroke="#333333" stroke-linecap="butt" stroke-width="2.0" />
                <line stroke="#EEEEEE" stroke-linecap="butt" stroke-width="1.6" />
            </rule>
        </rule>
        <rule e="way" k="waterway" v="ditch">
            <line stroke="#B3DDFF" stroke-width="0.6" />
        </rule>
        <rule e="way" k="waterway" v="drain">
            <line stroke="#B0B0B0" stroke-linecap="butt" stroke-width="0.7" />
            <line stroke="#B3DDFF" stroke-linecap="butt" stroke-width="0.5" />
        </rule>
        <rule e="way" k="waterway" v="canal">
            <line stroke="#B0B0B0" stroke-linecap="butt" stroke-width="1.1" />
            <line stroke="#B3DDFF" stroke-linecap="butt" stroke-width="0.9" />
        </rule>
        <rule e="way" k="waterway" v="stream">
            <line stroke="#B3DDFF" stroke-width="0.6" />
        </rule>
        <rule e="way" k="waterway" v="river">
            <line stroke="#B3DDFF" stroke-width="1.1" />
        </rule>
        <rule e="way" k="waterway" v="riverbank">
            <area fill="#B3DDFF" />
        </rule>
        <rule e="way" k="waterway" v="river" zoom-min="12">
            <pathText display="always" fill="#6C96E6" font-size="14" font-style="bold" k="name"
                priority="-100" stroke="#FFFFFF" stroke-width="2.0" />
        </rule>
        <rule e="way" k="waterway" v="stream|canal" zoom-min="15">
            <pathText display="always" fill="#6C96E6" font-size="12" font-style="bold" k="name"
                priority="-100" stroke="#FFFFFF" stroke-width="2.0" />
        </rule>
        <rule e="way" k="natural|landuse" v="water|reservoir|basin">
            <area fill="#B3DDFF" />
            <rule e="any" k="*" v="*" zoom-min="14">
                <caption display="always" fill="#6C96E6" font-size="12" k="name" priority="-100"
                    stroke="#FFFFFF" stroke-width="2.0" />
            </rule>
        </rule>
    </rule>


    <!-- POI areas -->
    <rule e="way" k="area" v="yes|true">
        <rule e="way" k="highway" v="footway|pedestrian">
            <area fill="#E3E3E3" stroke="#707070" stroke-width="0.15" />
        </rule>
        <rule e="way" k="highway" v="path">
            <area fill="#9C6800" stroke="#707070" stroke-width="0.15" />
        </rule>
        <rule e="way" k="highway" v="service|unclassified|residential|road|living_street">
            <area fill="#FFFFFF" stroke="#707070" stroke-width="0.15" />
        </rule>
    </rule>
    <rule e="way" k="area:highway" v="pedestrian">
        <area fill="#E3E3E3" stroke="#707070" stroke-width="0.15" />
    </rule>
    <rule e="way" k="amenity" v="biergarten">
        <area fill="#D3EBD9" stroke="#734A08" stroke-width="0.2" />
    </rule>
    <rule e="way" k="historic" v="ruins|castle|memorial|monument">
        <rule e="way" k="building" v="~">
            <line stroke="#BBBBBB" stroke-width="0.2" />
            <line stroke="#734A08" stroke-dasharray="4,4" stroke-linecap="butt"
                stroke-width="0.2" />
        </rule>
    </rule>
    <rule closed="yes" e="way" k="tourism" v="attraction" zoom-min="14">
        <line stroke="#60734A08" stroke-width="0.5" />
    </rule>
    <rule closed="no" e="way" k="tourism" v="attraction" zoom-min="14">
        <line stroke="#40734A08" stroke-width="0.8" />
    </rule>
    <rule e="way" k="amenity" v="parking">
        <area fill="#FFFFC0" stroke="#E9DD72" stroke-width="0.2" />
        <rule e="way" k="access" v="private">
            <area src="jar:patterns/access-private.png" />
        </rule>
    </rule>
    <rule closed="yes" e="way" k="amenity" v="fountain">
        <area fill="#B3DDFF" stroke="#000080" stroke-width="0.15" />
    </rule>

    <!-- leisure -->
    <rule e="way" k="leisure|sport" v="sports_centre|shooting|stadium">
        <area fill="#DDD3EBD9" stroke="#6FC18E" stroke-width="0.2" />
    </rule>
    <rule closed="yes" e="way" k="leisure" v="track">
        <area fill="#DDF2A07B" stroke="#B36C4C" stroke-width="0.2" />
    </rule>
    <rule closed="no" e="way" k="leisure" v="track">
        <line stroke="#B36C4C" stroke-width="1.6" />
        <line stroke="#F2A07B" stroke-width="1.2" />
    </rule>
    <rule e="way" k="leisure" v="playground|pitch|dog_park" zoom-min="15">
        <area fill="#D3EBD9" stroke="#6FC13D" stroke-width="0.2" />
    </rule>
    <rule e="way" k="leisure|amenity" v="swimming_pool">
        <area fill="#B3DDFF" stroke="#000080" stroke-width="0.15" />
    </rule>
    <rule e="way" k="sport|leisure" v="swimming|water_park" zoom-min="15">
        <line stroke="#806060FF" stroke-width="0.3" />
    </rule>
    <rule e="way" k="sport" v="tennis">
        <area fill="#F2A07B" stroke="#B36C4C" stroke-width="0.2" />
    </rule>
    <rule e="way" k="power"
        v="station|generator|sub_station|cable_distribution_cabinet|substation|transformer">
        <area fill="#C4C4C4" stroke="#E5E5E5" stroke-width="0.2" />
    </rule>
    <rule e="way" k="highway|railway|public_transport" v="platform">
        <rule e="any" k="tunnel" v="~|no|false">
            <rule closed="yes" e="any" k="*" v="*">
                <area fill="#9B9B79" stroke="#D0D0D0" stroke-width="0.3" />
            </rule>
            <rule closed="no" e="any" k="*" v="*">
                <line stroke="#9B9B79" stroke-width="0.7" />
            </rule>
        </rule>
    </rule>
    <rule e="way" k="man_made" v="pier">
        <rule closed="no" e="any" k="*" v="*">
            <line stroke="#BAA468" stroke-linecap="butt" stroke-width="0.8" />
            <line stroke="#997B29" stroke-dasharray="1,4" stroke-linecap="butt"
                stroke-width="0.8" />
        </rule>
        <rule closed="yes" e="any" k="*" v="*">
            <area fill="#BAA468" stroke="#997B29" stroke-width="0.2" />
        </rule>
    </rule>


    <!-- non-physical boundaries -->
    <!-- administrative borders -->
    <rule e="any" k="*" v="*">
        <rule e="way" k="admin_level" v="2">
            <rule e="any" k="*" v="*" zoom-max="13">
                <line stroke="#C0EDC2EC" stroke-linecap="butt" stroke-width="8" />
                <line stroke="#C0ffff00" stroke-width="1" />
                <line stroke="#693937" stroke-dasharray="15, 15" stroke-width="0.5" />
            </rule>
            <rule e="any" k="*" v="*" zoom-min="14">
                <line stroke="#80EDC2EC" stroke-linecap="butt" stroke-width="6" />
                <line stroke="#80ffff00" stroke-width="0.75" />
                <line stroke="#693937" stroke-dasharray="15, 15" stroke-width="0.25" />
            </rule>
        </rule>
        <rule e="way" k="admin_level" v="4">
            <line stroke="#70EDC2EC" stroke-linecap="butt" stroke-width="4" />
            <line stroke="#693937" stroke-dasharray="15, 5, 5, 5" stroke-width="0.25" />
        </rule>
        <rule e="way" k="admin_level" v="6">
            <line stroke="#70EDC2EC" stroke-linecap="butt" stroke-width="4" />
            <line stroke="#693937" stroke-dasharray="5, 5" stroke-width="0.25" />
        </rule>
        <rule e="way" k="admin_level" v="8">
            <line stroke="#70EDC2EC" stroke-dasharray="15, 5, 5, 5" stroke-linecap="butt"
                stroke-width="4" />
            <line stroke="#693937" stroke-dasharray="15, 5, 5, 5" stroke-width="0.25" />
        </rule>
        <rule e="way" k="admin_level" v="9">
            <line stroke="#70EDC2EC" stroke-dasharray="15, 15" stroke-linecap="butt"
                stroke-width="4" />
            <line stroke="#693937" stroke-dasharray="15, 15" stroke-width="0.25" />
        </rule>

        <!-- special areas -->
        <rule e="way" k="military" v="*">
            <area fill="#15DF003F" />
            <rule e="any" k="*" v="*" zoom-min="13">
                <area src="jar:patterns/military.png" />
            </rule>
        </rule>
        <rule e="way" k="military" v="~">
            <rule e="way" k="landuse" v="military">
                <area fill="#15DF003F" />
                <rule e="any" k="*" v="*" zoom-min="13">
                    <area src="jar:patterns/military.png" />
                </rule>
            </rule>
        </rule>
        <rule e="way" k="leisure|boundary" v="nature_reserve|national_park|protected_area">
            <rule e="any" k="protect_class" v="1|2|3|4|5|6|7|97|98|99|~" zoom-min="15">
                <area fill="#40C0FFBF" />
                <area src="jar:patterns/nature-reserve.png" />
                <caption fill="#8ABF8A" font-family="serif" font-size="14" font-style="bold_italic"
                    k="name" stroke="#FFFFFF" stroke-width="2.0" />
            </rule>
        </rule>
    </rule>


    <!-- hillshading -->
    <hillshading />


    <!-- buildings -->
    <rule e="any" k="*" v="*">
        <rule e="way" k="waterway" v="dock" zoom-min="14">
            <area fill="#90CCCCCC" />
            <line stroke="#CCCCCC" stroke-linecap="butt" stroke-width="0.5" />
        </rule>
        <rule e="way" k="lock" v="yes|true" zoom-min="14">
            <line stroke="#333333" stroke-linecap="square" stroke-width="2.0" />
            <line stroke="#B3DDFF" stroke-linecap="butt" stroke-width="1.6" />
        </rule>
        <rule e="way" k="waterway" v="weir" zoom-min="14">
            <line stroke="#333333" stroke-width="0.7" />
            <line stroke="#EEEEEE" stroke-dasharray="5,1" stroke-linecap="butt"
                stroke-width="0.7" />
        </rule>
        <rule e="node" k="waterway" v="weir" zoom-min="16">
            <symbol src="jar:symbols/water/weir.svg" />
        </rule>
        <rule e="way" k="waterway" v="dam" zoom-min="14">
            <line stroke="#333333" stroke-width="1" />
            <line stroke="#CCCCCC" stroke-dasharray="10,1" stroke-linecap="butt" stroke-width="1" />
            <rule closed="yes" e="any" k="*" v="*">
                <area fill="#CCCCCC" />
            </rule>
        </rule>
        <rule e="way" k="building" v="*">
            <area fill="#F3D6B6" stroke="#6A5A8E" stroke-width="0.2" />
        </rule>
        <rule e="way" k="landuse|area" v="~">
            <rule e="way" k="amenity|tourism|railway|shop|information"
                v="place_of_worship|shelter|alpine_hut|restaurant|hotel|station|supermarket|convenience|beverages|bakery|doityourself|sports|bicycle|car|toilets|hostel|office|doctors|theatre">
                <area fill="#F3D6B6" stroke="#6A5A8E" stroke-width="0.2" />
            </rule>
        </rule>
        <rule e="way" k="building" v="*">
            <rule e="way" k="historic" v="ruins|castle|memorial|monument">
                <line stroke="#734A08" stroke-width="0.2" />
            </rule>
        </rule>
        <rule e="way" k="barrier" v="fence" zoom-min="15">
            <line stroke="#333333" stroke-dasharray="2,2" stroke-linecap="butt"
                stroke-width="0.1" />
        </rule>
        <rule e="way" k="barrier|building" v="wall|city_wall" zoom-min="15">
            <line stroke="#333333" stroke-linecap="round" stroke-width="0.3" />
            <line stroke="#EEEEEE" stroke-dasharray="5,1" stroke-linecap="butt"
                stroke-width="0.15" />
        </rule>
        <rule e="way" k="barrier" v="retaining_wall" zoom-min="15">
            <line stroke="#333333" stroke-linecap="round" stroke-width="0.5" />
            <line stroke="#EEEEEE" stroke-dasharray="4,1" stroke-linecap="butt"
                stroke-width="0.3" />
        </rule>
    </rule>

    <!-- aeroways -->
    <!-- runways areas -->
    <rule closed="yes" e="way" k="aeroway" v="aerodrome">
        <area fill="#90D8DCCE" stroke="#000000" stroke-width="0.5" />
    </rule>
    <rule e="way" k="aeroway" v="apron">
        <area fill="#F0F0F0" />
    </rule>
    <rule e="way" k="aeroway" v="terminal">
        <area fill="#F3D6B6" stroke="#6A5A8E" stroke-width="0.2" />
    </rule>
    <rule e="node" k="aeroway" v="gate">
        <caption fill="#FFD900" font-size="12" font-style="bold" k="name" stroke="#000000"
            stroke-width="2" />
        <caption fill="#FFD900" font-size="12" font-style="bold" k="ref" stroke="#000000"
            stroke-width="2" />
    </rule>
    <!-- runways casings -->
    <rule closed="no" e="way" k="aeroway" v="runway">
        <line stroke="#000000" stroke-linecap="butt" stroke-width="4" />
    </rule>
    <rule e="way" k="aeroway" v="taxiway">
        <line stroke="#000000" stroke-linecap="butt" stroke-width="2" />
    </rule>

    <!-- bridges -->
    <rule e="way" k="bridge" v="yes|true|viaduct|aqueduct|suspension|culvert|swing">
        <rule e="way" k="highway" v="steps|footway|path">
            <line stroke="#333333" stroke-linecap="butt" stroke-width="1.3" />
            <line stroke="#EEEEEE" stroke-linecap="butt" stroke-width="0.9" />
        </rule>
        <rule e="way" k="highway" v="track|bridleway|byway">
            <line stroke="#333333" stroke-linecap="butt" stroke-width="2.0" />
            <line stroke="#EEEEEE" stroke-linecap="butt" stroke-width="1.5" />
        </rule>
        <rule e="way" k="highway" v="cycleway">
            <line stroke="#333333" stroke-linecap="butt" stroke-width="2.0" />
            <line stroke="#EEEEEE" stroke-linecap="butt" stroke-width="1.5" />
            <line stroke="#3366FF" stroke-linecap="butt" stroke-width="1.2" />
        </rule>
        <rule e="way" k="highway" v="service">
            <line stroke="#333333" stroke-linecap="butt" stroke-width="2.0" />
            <line stroke="#EEEEEE" stroke-linecap="butt" stroke-width="1.5" />
            <line stroke="#000000" stroke-linecap="butt" stroke-width="1.2" />
        </rule>
        <rule e="way" k="highway" v="construction">
            <line stroke="#60333333" stroke-linecap="butt" stroke-width="2.7" />
            <line stroke="#60EEEEEE" stroke-linecap="butt" stroke-width="2.2" />
            <line stroke="#60888888" stroke-linecap="butt" stroke-width="1.8" />
        </rule>
        <rule e="way" k="highway" v="road|pedestrian|unclassified|residential|living_street">
            <line stroke="#333333" stroke-linecap="butt" stroke-width="2.7" />
            <line stroke="#EEEEEE" stroke-linecap="butt" stroke-width="2.2" />
            <line stroke="#000000" stroke-linecap="butt" stroke-width="1.8" />
        </rule>
        <rule e="way" k="highway"
            v="tertiary|tertiary_link|secondary_link|primary_link|trunk_link|motorway_link|secondary|primary|trunk">
            <line stroke="#333333" stroke-linecap="butt" stroke-width="3.0" />
            <line stroke="#EEEEEE" stroke-linecap="butt" stroke-width="2.4" />
            <line stroke="#000000" stroke-linecap="butt" stroke-width="2.0" />
        </rule>
        <rule e="way" k="highway" v="motorway">
            <line stroke="#333333" stroke-linecap="butt" stroke-width="3.5" />
            <line stroke="#EEEEEE" stroke-linecap="butt" stroke-width="2.9" />
            <line stroke="#FF0000" stroke-linecap="butt" stroke-width="2.5" />
        </rule>
    </rule>

    <!-- turning circle casing -->
    <rule e="node" k="highway" v="turning_circle">
        <circle fill="#000000" radius="1.45" scale-radius="true" />
    </rule>

    <!-- highway casings -->
    <rule e="way" k="tunnel" v="~|no|false">
        <rule e="way" k="area" v="~|no|false">
            <!-- highway casings -->
            <rule e="way" k="highway" v="track|byway">
                <rule e="way" k="tracktype" v="grade1|grade2">
                    <line stroke="#66320D" stroke-linecap="butt" stroke-width="1.2" />
                </rule>
                <rule e="way" k="tracktype" v="grade3">
                    <line stroke="#66320D" stroke-dasharray="25,5" stroke-linecap="butt"
                        stroke-width="1.2" />
                </rule>
                <rule e="way" k="tracktype" v="grade4">
                    <line stroke="#66320D" stroke-dasharray="20,5,8,5" stroke-linecap="butt"
                        stroke-width="1.2" />
                </rule>
                <rule e="way" k="tracktype" v="grade5">
                    <line stroke="#66320D" stroke-dasharray="8,5" stroke-linecap="butt"
                        stroke-width="1.2" />
                </rule>
                <rule e="way" k="tracktype" v="~">
                    <line stroke="#D45035" stroke-dasharray="15,5" stroke-linecap="butt"
                        stroke-width="1.2" />
                </rule>
            </rule>
            <rule e="way" k="highway" v="bridleway">
                <line stroke="#66320D" stroke-dasharray="10,12" stroke-linecap="round"
                    stroke-width="1.2" />
            </rule>
            <rule e="way" k="bridge" v="~|no|false">
                <rule e="way" k="highway" v="service">
                    <line stroke="#000000" stroke-width="1.2" />
                </rule>
                <rule e="way" k="highway" v="cycleway">
                    <line stroke="#3366FF" stroke-width="1.2" />
                </rule>
                <rule e="way" k="highway"
                    v="road|pedestrian|unclassified|residential|living_street">
                    <line stroke="#000000" stroke-width="1.8" />
                </rule>
                <rule e="way" k="highway" v="construction">
                    <line stroke="#60888888" stroke-width="1.8" />
                </rule>
                <rule e="way" k="highway"
                    v="tertiary|tertiary_link|secondary_link|primary_link|trunk_link|motorway_link|secondary|primary|trunk">
                    <line stroke="#000000" stroke-width="2.0" />
                </rule>
                <rule e="way" k="highway" v="motorway">
                    <line stroke="#FF0000" stroke-width="2.5" />
                </rule>
            </rule>
        </rule>
    </rule>
    <!-- turning circle core -->
    <rule e="node" k="highway" v="turning_circle">
        <circle fill="#FFFFFF" radius="1.2" scale-radius="true" />
    </rule>

    <!-- highway cores -->
    <rule e="way" k="tunnel" v="~|no|false">
        <!-- no area -->
        <rule e="way" k="area" v="~|no|false">
            <!-- highway cores -->
            <rule e="way" k="highway" v="footway">
                <line stroke="#888888" stroke-dasharray="12,1" stroke-linecap="butt"
                    stroke-width="0.5" />
            </rule>
            <rule e="way" k="highway" v="path">
                <line stroke="#9C6800" stroke-dasharray="12,1" stroke-linecap="butt"
                    stroke-width="0.5" />
            </rule>
            <rule e="way" k="highway" v="steps">
                <line stroke="#888888" stroke-linecap="butt" stroke-width="0.5" />
                <line stroke="#DDDDDD" stroke-dasharray="3,3" stroke-linecap="butt"
                    stroke-width="0.5" />
            </rule>
            <rule e="way" k="highway" v="track|byway">
                <rule e="way" k="tracktype" v="grade1">
                    <line stroke="#FFFFFF" stroke-width="0.8" />
                </rule>
                <rule e="way" k="tracktype" v="grade2">
                    <line stroke="#D9D0C7" stroke-width="0.8" />
                </rule>
                <rule e="way" k="tracktype" v="grade3">
                    <line stroke="#D9D0C7" stroke-dasharray="25,5" stroke-linecap="butt"
                        stroke-width="0.8" />
                </rule>
                <rule e="way" k="tracktype" v="grade4">
                    <line stroke="#D9D0C7" stroke-dasharray="20,5,8,5" stroke-linecap="butt"
                        stroke-width="0.8" />
                </rule>
                <rule e="way" k="tracktype" v="grade5">
                    <line stroke="#D9D0C7" stroke-dasharray="8,5" stroke-linecap="butt"
                        stroke-width="0.8" />
                </rule>
                <rule e="way" k="tracktype" v="~">
                    <line stroke="#D9D0C7" stroke-dasharray="15,5" stroke-linecap="butt"
                        stroke-width="0.8" />
                </rule>
            </rule>
            <rule e="way" k="highway" v="bridleway">
                <line stroke="#D9D0C7" stroke-dasharray="10,12" stroke-linecap="round"
                    stroke-width="0.8" />
            </rule>
            <rule e="way" k="highway" v="cycleway">
                <line stroke="#F0F0FF" stroke-width="0.8" />
            </rule>
            <rule e="way" k="highway" v="service">
                <line stroke="#FFFFFF" stroke-width="0.8" />
            </rule>
            <rule e="way" k="highway" v="construction">
                <line stroke="#CCFFFFFF" stroke-dasharray="15,2" stroke-linecap="butt"
                    stroke-width="1.3" />
            </rule>
            <rule e="way" k="highway" v="pedestrian">
                <line stroke="#E3E3E3" stroke-width="1.3" />
            </rule>
            <rule e="way" k="highway" v="unclassified|residential|living_street|road">
                <line stroke="#FFFFFF" stroke-width="1.3" />
            </rule>
            <rule e="way" k="highway" v="tertiary|tertiary_link">
                <line stroke="#FFEC8B" stroke-width="1.5" />
            </rule>
            <rule e="way" k="highway" v="secondary_link">
                <line stroke="#FFEC8B" stroke-width="1.5" />
            </rule>
            <rule e="way" k="highway" v="primary_link">
                <line stroke="#FFEC8B" stroke-width="1.5" />
            </rule>
            <rule e="way" k="highway" v="trunk_link">
                <line stroke="#FFEC8B" stroke-width="1.5" />
            </rule>
            <rule e="way" k="highway" v="motorway_link">
                <line stroke="#FFEC8B" stroke-width="1.5" />
            </rule>
            <rule e="way" k="highway" v="secondary">
                <line stroke="#FFD700" stroke-width="1.5" />
            </rule>
            <rule e="way" k="highway" v="primary">
                <line stroke="#FFD700" stroke-width="1.5" />
            </rule>
            <rule e="way" k="highway" v="trunk">
                <line stroke="#FFEC8B" stroke-width="1.5" />
            </rule>
            <rule e="way" k="highway" v="motorway">
                <line stroke="#FFFF00" stroke-width="1.7" />
            </rule>
        </rule>
    </rule>

    <!-- highway captions etc. -->
    <rule e="way" k="tunnel" v="~|no|false">
        <rule e="way" k="highway" v="footway|path|track|bridleway|steps|byway" zoom-min="14">
            <pathText display="always" fill="#606060" font-size="12" font-style="bold" k="name"
                priority="-8" stroke="#FFFFFF" stroke-width="2" />
        </rule>
        <rule e="way" k="highway"
            v="cycleway|service|construction|road|pedestrian|unclassified|residential|living_street|tertiary|tertiary_link"
            zoom-min="16">
            <pathText display="always" fill="#000000" font-size="10" font-style="bold" k="name"
                priority="-7" stroke="#FFFFFF" stroke-width="2.0" />
        </rule>
        <rule e="way" k="highway"
            v="secondary_link|primary_link|trunk_link|motorway_link|secondary|primary"
            zoom-min="15">
            <pathText display="always" fill="#000000" font-size="12" font-style="bold" k="name"
                priority="-6" stroke="#FFFFFF" stroke-width="2.0" />
        </rule>
        <rule e="any" k="highway" v="trunk|primary|secondary|tertiary" zoom-min="12">
            <rule e="way" k="name" v="~">
                <pathText fill="#606060" font-size="14" font-style="bold" k="ref" priority="-5"
                    stroke="#FFFFFF" stroke-width="3.0" />
            </rule>
        </rule>
        <rule e="any" k="highway" v="motorway" zoom-min="12">
            <pathText fill="#FF0000" font-size="14" font-style="bold" k="ref" priority="-4"
                stroke="#FFFF00" stroke-width="3.0" />
        </rule>
        <rule e="way" k="highway" v="*" zoom-min="15">
            <rule e="way" k="access" v="destination">
                <line src="jar:patterns/access-destination.png" stroke-width="1.0" />
            </rule>
            <rule e="way" k="access" v="private">
                <line src="jar:patterns/access-private.png" stroke-width="1.0" />
            </rule>
            <rule e="way" k="oneway" v="yes|true|1" zoom-min="16">
                <lineSymbol align-center="true" display="always" priority="-50" repeat="true"
                    src="jar:symbols/oneway.svg" />
            </rule>
        </rule>
    </rule>

    <!-- other transportation ways -->
    <!-- aeroway runways cores -->
    <rule closed="no" e="way" k="aeroway" v="runway">
        <line stroke="#D4DCBD" stroke-linecap="butt" stroke-width="3.5" />
    </rule>
    <rule closed="yes" e="way" k="aeroway" v="runway">
        <area fill="#D4DCBD" />
        <line stroke="#000000" stroke-linecap="butt" stroke-width="0.5" />
    </rule>
    <rule e="way" k="aeroway" v="taxiway">
        <line stroke="#D4DCBD" stroke-linecap="butt" stroke-width="1.8" />
    </rule>

    <!-- aeroway symbols and captions -->
    <rule e="node" k="aeroway" v="helipad" zoom-min="14">
        <symbol id="helipad" src="jar:symbols/transport/helicopter.svg" />
        <rule e="any" k="*" v="*" zoom-min="17">
            <caption fill="#0092DA" font-size="12" font-style="bold" k="name" position="above"
                priority="-20" stroke="#FFFFFF" stroke-width="2.0" symbol-id="helipad" />
        </rule>
    </rule>
    <rule e="node" k="aeroway" v="aerodrome|airport" zoom-min="13">
        <symbol id="airport" src="jar:symbols/transport/airport2.svg" />
        <rule e="any" k="*" v="*" zoom-min="17">
            <caption fill="#0092DA" font-size="12" font-style="bold" k="name" position="above"
                priority="-10" stroke="#FFFFFF" stroke-width="2.0" symbol-id="airport" />
        </rule>
    </rule>


    <!-- ferry routes -->
    <rule e="way" k="route" v="ferry">
        <line stroke="#707070" stroke-dasharray="15,10" stroke-linecap="butt" stroke-width="0.3" />
    </rule>

    <!-- piste areas -->
    <rule e="any" k="*" v="*">
        <rule closed="yes" e="way" k="piste:type" v="downhill" zoom-min="13">
            <rule e="way" k="piste:difficulty" v="novice">
                <area fill="#5540ff40" />
            </rule>
            <rule e="way" k="piste:difficulty" v="easy">
                <area fill="#554040ff" />
            </rule>
            <rule e="way" k="piste:difficulty" v="intermediate">
                <area fill="#55ff4040" />
            </rule>
            <rule e="way" k="piste:difficulty" v="advanced">
                <area fill="#55000000" />
            </rule>
            <rule e="way" k="piste:difficulty" v="expert">
                <area fill="#55f6800a" />
            </rule>
            <rule e="way" k="piste:difficulty" v="freeride">
                <area fill="#55f6dd0a" />
            </rule>
            <rule e="way" k="piste:difficulty" v="~">
                <area fill="#55505050" />
            </rule>
        </rule>

        <!-- piste ways -->
        <rule closed="no" e="way" k="piste:type" v="downhill" zoom-min="13">
            <rule e="way" k="piste:difficulty" v="novice">
                <line stroke="#5540ff40" stroke-width="3.0" />
            </rule>
            <rule e="way" k="piste:difficulty" v="easy">
                <line stroke="#554040ff" stroke-width="3.0" />
            </rule>
            <rule e="way" k="piste:difficulty" v="intermediate">
                <line stroke="#55ff4040" stroke-width="3.0" />
            </rule>
            <rule e="way" k="piste:difficulty" v="advanced">
                <line stroke="#55000000" stroke-width="3.0" />
            </rule>
            <rule e="way" k="piste:difficulty" v="expert">
                <line stroke="#55f6800a" stroke-width="3.0" />
            </rule>
            <rule e="way" k="piste:difficulty" v="freeride">
                <line stroke="#55f6dd0a" stroke-width="3.0" />
            </rule>
            <rule e="way" k="piste:difficulty" v="~">
                <line stroke="#55505050" stroke-width="3.0" />
            </rule>
        </rule>
        <rule e="way" k="piste:type" v="sled">
            <line stroke="#8098F5FF" stroke-dasharray="0,5,5,5" stroke-linecap="butt"
                stroke-width="1.2" />
        </rule>
        <rule e="way" k="piste:type" v="nordic">
            <line stroke="#5598F5FF" stroke-dasharray="20,15" stroke-linecap="butt"
                stroke-width="0.6" />
        </rule>
    </rule>

    <!-- railway (no tunnel) -->
    <rule e="way" k="railway" v="*">
        <rule e="way" k="tunnel" v="~|false|no">
            <!-- railway bridges -->
            <rule e="way" k="bridge" v="yes|true|viaduct|aqueduct|suspension|culvert|swing">
                <rule e="way" k="railway"
                    v="subway|narrow_gauge|preserved|funicular|miniature|tram|light_rail|monorail">
                    <line stroke="#666666" stroke-linecap="butt" stroke-width="1.2" />
                    <line stroke="#EEEEEE" stroke-linecap="butt" stroke-width="0.8" />
                </rule>
                <rule e="way" k="railway" v="rail">
                    <line stroke="#666666" stroke-linecap="butt" stroke-width="1.4" />
                    <line stroke="#EEEEEE" stroke-linecap="butt" stroke-width="1.0" />
                </rule>
            </rule>
            <!-- railway casings and cores -->
            <rule e="way" k="railway" v="tram|light_rail">
                <line stroke="#666666" stroke-linecap="butt" stroke-width="0.4" />
                <line stroke="#DDDDDD" stroke-dasharray="12,12" stroke-linecap="butt"
                    stroke-width="0.25" />
            </rule>
            <rule e="way" k="railway" v="subway">
                <line stroke="#0F0F4C" stroke-linecap="butt" stroke-width="0.4" />
                <line stroke="#B7B7E6" stroke-dasharray="12,18" stroke-linecap="butt"
                    stroke-width="0.25" />
            </rule>
            <rule e="way" k="railway" v="narrow_gauge|preserved|funicular|miniature|monorail">
                <line stroke="#333333" stroke-linecap="butt" stroke-width="0.4" />
                <line stroke="#E6E6E6" stroke-linecap="butt" stroke-width="0.25" />
                <line stroke="#333333" stroke-dasharray="12,12" stroke-linecap="butt"
                    stroke-width="0.25" />
            </rule>
            <rule e="way" k="railway" v="rail">
                <line stroke="#333333" stroke-linecap="butt" stroke-width="0.55" />
                <line stroke="#E6E6E6" stroke-linecap="butt" stroke-width="0.4" />
                <line stroke="#333333" stroke-dasharray="15,15" stroke-linecap="butt"
                    stroke-width="0.4" />
            </rule>
        </rule>
    </rule>

    <!-- aerial ways -->
    <rule e="way" k="aerialway" v="*">
        <line stroke="#202020" stroke-linecap="butt" stroke-width="0.4" />
        <line stroke="#202020" stroke-dasharray="2,200" stroke-linecap="butt" stroke-width="4.0" />
        <rule e="way" k="aerialway" v="cable_car" zoom-min="15">
            <lineSymbol repeat="true" rotate="false" src="jar:symbols/cable_car.svg" />
        </rule>
        <rule e="way" k="aerialway" v="chair_lift" zoom-min="15">
            <lineSymbol repeat="true" rotate="false" src="jar:symbols/chair_lift.svg" />
        </rule>
        <rule e="way" k="aerialway" v="gondola" zoom-min="15">
            <lineSymbol repeat="true" rotate="false" src="jar:symbols/gondola.svg" />
        </rule>
        <rule e="any" k="*" v="*" zoom-min="15">
            <pathText fill="#606060" font-size="10" font-style="bold" k="name" stroke="#FFFFFF"
                stroke-width="2.0" />
        </rule>
    </rule>

    <!-- POI -->
    <!-- place -->
    <rule e="any" k="*" v="*">
        <rule e="any" k="place" v="locality" zoom-min="14">
            <rule e="any" k="mountain_pass|natural|tourism" v="~">
                <caption fill="#202020" font-family="serif" font-size="12" font-style="italic"
                    k="name" priority="10" stroke="#FFFFFF" stroke-width="0.1" />
            </rule>
        </rule>
        <rule e="node" k="place" v="island|islet" zoom-min="14">
            <caption fill="#202020" font-family="serif" font-size="12" font-style="italic" k="name"
                priority="30" stroke="#FFFFFF" stroke-width="0.1" />
        </rule>
        <rule e="node" k="place" v="suburb" zoom-min="13">
            <caption fill="#5555AA" font-family="serif" font-size="14" font-style="bold_italic"
                k="name" priority="20" stroke="#FFFFFF" stroke-width="2.0" />
        </rule>
        <rule e="node" k="place" v="isolated_dwelling" zoom-min="15">
            <caption fill="#333380" font-size="12" font-style="bold" k="name" priority="5"
                stroke="#FFFFFF" stroke-width="2.0" />
        </rule>
        <rule e="node" k="place" v="hamlet" zoom-min="14">
            <caption fill="#333380" font-size="12" font-style="bold" k="name" priority="5"
                stroke="#FFFFFF" stroke-width="2.0" />
        </rule>
        <rule e="node" k="place" v="village" zoom-min="12">
            <caption fill="#333380" font-size="14" font-style="bold" k="name" priority="20"
                stroke="#FFFFFF" stroke-width="2.0" />
        </rule>
        <rule e="node" k="place" v="town" zoom-min="8">
            <caption fill="#333380" font-size="16" font-style="bold" k="name" priority="30"
                stroke="#FFFFFF" stroke-width="2.0" />
        </rule>
        <rule e="node" k="place" v="city" zoom-max="6" zoom-min="6">
            <caption fill="#333380" font-size="14" font-style="bold" k="name" priority="40"
                stroke="#FFFFFF" stroke-width="2.0" />
        </rule>
        <rule e="node" k="place" v="city" zoom-max="7" zoom-min="7">
            <caption fill="#333380" font-size="15" font-style="bold" k="name" priority="40"
                stroke="#FFFFFF" stroke-width="2.0" />
        </rule>
        <rule e="node" k="place" v="city" zoom-max="9" zoom-min="8">
            <caption fill="#333380" font-size="17" font-style="bold" k="name" priority="40"
                stroke="#FFFFFF" stroke-width="2.0" />
        </rule>
        <rule e="node" k="place" v="city" zoom-max="11" zoom-min="10">
            <caption fill="#333380" font-size="19" font-style="bold" k="name" priority="40"
                stroke="#FFFFFF" stroke-width="2.0" />
        </rule>
        <rule e="node" k="place" v="city" zoom-max="13" zoom-min="12">
            <caption fill="#333380" font-size="20" font-style="bold" k="name" priority="40"
                stroke="#FFFFFF" stroke-width="2.0" />
        </rule>
        <rule e="node" k="place" v="country" zoom-max="3">
            <caption fill="#333380" font-size="14" font-style="bold" k="name" priority="50"
                stroke="#FFFFFF" stroke-width="2.0" />
        </rule>
        <rule e="node" k="place" v="country" zoom-max="4" zoom-min="4">
            <caption fill="#333380" font-size="16" font-style="bold" k="name" priority="50"
                stroke="#FFFFFF" stroke-width="2.0" />
        </rule>
        <rule e="node" k="place" v="country" zoom-max="5" zoom-min="5">
            <caption fill="#333380" font-size="18" font-style="bold" k="name" priority="50"
                stroke="#FFFFFF" stroke-width="2.0" />
        </rule>
        <rule e="node" k="place" v="country" zoom-max="6" zoom-min="6">
            <caption fill="#333380" font-size="20" font-style="bold" k="name" priority="50"
                stroke="#FFFFFF" stroke-width="2.0" />
        </rule>
    </rule>

    <!-- natural -->
    <rule e="any" k="*" v="*">
        <rule e="node" k="natural" v="cave_entrance" zoom-min="14">
            <symbol id="cave" src="jar:symbols/poi/cave.svg" />
            <rule e="any" k="*" v="*" zoom-min="16">
                <caption fill="#666666" font-size="12" font-style="bold" k="name" priority="10"
                    stroke="#FFFFFF" stroke-width="2.0" symbol-id="cave" />
            </rule>
        </rule>
        <rule e="node" k="natural" v="volcano" zoom-min="11">
            <symbol id="volcano" src="jar:symbols/volcano.svg" />
            <caption fill="#000000" font-size="14" font-style="bold" k="name" position="above"
                stroke="#FFFFFF" stroke-width="2.0" symbol-id="volcano" />
            <rule e="any" k="*" v="*" zoom-min="14">
                <caption fill="#000000" font-size="12" font-style="bold" k="ele" priority="10"
                    stroke="#FFFFFF" stroke-width="2.0" symbol-id="volcano" />
            </rule>
        </rule>
        <rule e="node" k="natural" v="peak" zoom-min="11">
            <symbol id="peak" src="jar:symbols/peak.svg" />
            <caption fill="#000000" font-size="14" font-style="bold" k="name" position="above"
                priority="10" stroke="#FFFFFF" stroke-width="2.0" symbol-id="peak" />
            <rule e="any" k="*" v="*" zoom-min="14">
                <caption fill="#000000" font-size="12" font-style="bold" k="ele" position="below"
                    priority="10" stroke="#FFFFFF" stroke-width="2.0" symbol-id="peak" />
            </rule>
        </rule>
        <rule e="any" k="mountain_pass" v="yes" zoom-min="14">
            <symbol id="pass" src="jar:symbols/poi/mountain_pass.svg" />
            <rule e="any" k="*" v="*" zoom-min="15">
                <caption fill="#666666" font-size="12" font-style="bold" k="ele" position="above"
                    priority="10" stroke="#FFFFFF" stroke-width="2.0" symbol-id="pass" />
            </rule>
        </rule>
        <rule e="any" k="natural" v="saddle" zoom-min="14">
            <symbol id="saddle" src="jar:symbols/poi/mountain_pass.svg" />
            <caption fill="#666666" font-size="12" font-style="bold" k="name" priority="10"
                stroke="#FFFFFF" stroke-width="2.0" symbol-id="saddle" />
            <rule e="any" k="*" v="*" zoom-min="15">
                <caption fill="#666666" font-size="12" font-style="bold" k="ele" position="above"
                    stroke="#FFFFFF" stroke-width="2.0" symbol-id="saddle" />
            </rule>
        </rule>
    </rule>

    <!-- emergency -->
    <rule e="any" k="*" v="*">
        <rule e="any" k="amenity|building" v="hospital|clinic" zoom-min="15">
            <symbol id="hospital" src="jar:symbols/health/hospital.svg" />
            <rule e="any" k="*" v="*" zoom-min="17">
                <caption fill="#DA0092" font-size="12" font-style="bold" k="name" position="above"
                    priority="10" stroke="#FFFFFF" stroke-width="2.0" symbol-id="hospital" />
            </rule>
        </rule>
        <rule e="any" k="amenity" v="pharmacy" zoom-min="13">
            <symbol id="pharmacy" src="jar:symbols/health/pharmacy.svg" />
            <caption fill="#DA0092" font-size="12" font-style="bold" k="name" position="above"
                priority="10" stroke="#FFFFFF" stroke-width="2.0" symbol-id="pharmacy" />
        </rule>
        <rule e="any" k="amenity" v="doctors" zoom-min="14">
            <symbol id="doctors" src="jar:symbols/health/doctors2.svg" />
            <caption fill="#DA0092" font-size="12" font-style="bold" k="name" position="above"
                priority="10" stroke="#FFFFFF" stroke-width="2.0" symbol-id="doctors" />
        </rule>
        <rule e="any" k="amenity|building" v="embassy" zoom-min="17">
            <symbol id="embassy" src="jar:symbols/poi/embassy2.svg" />
            <caption fill="#666666" font-size="12" font-style="bold" k="name" priority="10"
                stroke="#FFFFFF" stroke-width="2.0" symbol-id="embassy" />
        </rule>
        <rule e="any" k="amenity" v="shelter" zoom-min="14">
            <symbol id="shelter" src="jar:symbols/accommodation/shelter2.svg" />
            <caption fill="#0092DA" font-size="12" font-style="bold" k="name" priority="10"
                stroke="#FFFFFF" stroke-width="2.0" symbol-id="shelter" />
        </rule>
        <rule e="any" k="amenity" v="police" zoom-min="17">
            <symbol src="jar:symbols/amenity/police2.svg" />
        </rule>
        <rule e="any" k="amenity" v="fire_station" zoom-min="17">
            <symbol src="jar:symbols/amenity/firestation3.svg" />
        </rule>
    </rule>

    <!-- accommodation -->
    <rule e="any" k="*" v="*">
        <rule e="any" k="tourism" v="alpine_hut" zoom-min="12">
            <symbol id="alpine-hut" src="jar:symbols/accommodation/alpinehut.svg" />
            <caption fill="#0092DA" font-size="12" font-style="bold" k="name" stroke="#FFFFFF"
                stroke-width="2.0" symbol-id="alpine-hut" />
            <caption fill="#0092DA" font-size="12" font-style="bold" k="ele" stroke="#FFFFFF"
                stroke-width="2.0" symbol-id="alpine-hut" />
        </rule>
        <rule e="any" k="tourism" v="camp_site" zoom-min="13">
            <symbol id="camping" src="jar:symbols/accommodation/camping.svg" />
            <rule e="node" k="*" v="*" zoom-min="15">
                <caption fill="#0092DA" font-size="12" font-style="bold" k="name" stroke="#FFFFFF"
                    stroke-width="2.0" symbol-id="camping" />
            </rule>
            <rule e="way" k="*" v="*" zoom-min="16">
                <caption fill="#0092DA" font-size="12" font-style="bold" k="name" stroke="#FFFFFF"
                    stroke-width="2.0" symbol-id="camping" />
            </rule>
        </rule>
        <rule e="any" k="tourism" v="caravan_site" zoom-min="13">
            <symbol id="caravan-site" src="jar:symbols/accommodation/caravan_park.svg" />
            <rule e="node" k="*" v="*" zoom-min="15">
                <caption fill="#0092DA" font-size="12" font-style="bold" k="name" stroke="#FFFFFF"
                    stroke-width="2.0" symbol-id="caravan-site" />
            </rule>
            <rule e="way" k="*" v="*" zoom-min="16">
                <caption fill="#0092DA" font-size="12" font-style="bold" k="name" stroke="#FFFFFF"
                    stroke-width="2.0" symbol-id="caravan-site" />
            </rule>
        </rule>
        <rule e="any" k="tourism" v="hostel" zoom-min="13">
            <symbol id="hostel" src="jar:symbols/accommodation/hostel.svg" />
            <rule e="any" k="*" v="*" zoom-min="18">
                <caption fill="#0092DA" font-size="12" font-style="bold" k="name" stroke="#FFFFFF"
                    stroke-width="2" symbol-id="hostel" />
            </rule>
        </rule>
        <rule e="any" k="tourism|building" v="hotel|guest_house|motel" zoom-min="13">
            <symbol id="hotel" src="jar:symbols/accommodation/hotel2.svg" />
            <rule e="any" k="*" v="*" zoom-min="18">
                <caption display="never" fill="#0092DA" font-size="12" font-style="bold" k="name"
                    stroke="#FFFFFF" stroke-width="2" symbol-id="hotel" />
            </rule>
        </rule>
        <rule e="any" k="tourism" v="chalet" zoom-min="13">
            <symbol id="chalet" src="jar:symbols/accommodation/chalet.svg" />
            <rule e="any" k="*" v="*" zoom-min="18">
                <caption fill="#0092DA" font-size="12" font-style="bold" k="name" stroke="#FFFFFF"
                    stroke-width="2" symbol-id="chalet" />
            </rule>
        </rule>
    </rule>

    <!-- public transport -->
    <rule e="any" k="*" v="*">
        <rule e="any" k="railway" v="station" zoom-min="13">
            <symbol id="train-station" src="jar:symbols/transport/train_station2.svg" />
            <rule e="any" k="*" v="*" zoom-min="15">
                <caption fill="#0092DA" font-size="12" font-style="bold" k="name" position="above"
                    priority="20" stroke="#FFFFFF" stroke-width="2.0" symbol-id="train-station" />
            </rule>
        </rule>
        <rule e="any" k="building" v="train_station" zoom-min="13">
            <symbol id="train-station2" src="jar:symbols/transport/train_station2.svg" />
            <rule e="any" k="*" v="*" zoom-min="15">
                <caption fill="#0092DA" font-size="12" font-style="bold" k="name" position="above"
                    priority="20" stroke="#FFFFFF" stroke-width="2.0" symbol-id="train-station2" />
            </rule>
        </rule>
        <rule e="node" k="station" v="light_rail|subway" zoom-min="14">
            <symbol id="train-station3" src="jar:symbols/transport/train_station2.svg" />
            <rule e="any" k="*" v="*" zoom-min="16">
                <caption fill="#0092DA" font-size="12" font-style="bold" k="name" position="above"
                    priority="20" stroke="#FFFFFF" stroke-width="2.0" symbol-id="train-station3" />
            </rule>
        </rule>
        <rule e="node" k="railway" v="halt|tram_stop" zoom-min="14">
            <symbol id="tram-stop" src="jar:symbols/transport/tram_stop.svg" />
            <rule e="any" k="*" v="*" zoom-min="16">
                <caption fill="#0092DA" font-size="12" font-style="bold" k="name" position="above"
                    priority="10" stroke="#FFFFFF" stroke-width="2.0" symbol-id="tram-stop" />
            </rule>
        </rule>
        <rule e="any" k="amenity" v="bus_station" zoom-min="13">
            <symbol id="bus-station" src="jar:symbols/transport/bus_station.svg" />
            <rule e="any" k="*" v="*" zoom-min="15">
                <caption fill="#0092DA" font-size="12" font-style="bold" k="name" position="above"
                    stroke="#FFFFFF" stroke-width="2.0" symbol-id="bus-station" />
            </rule>
        </rule>
        <rule e="node" k="highway" v="bus_stop" zoom-min="16">
            <symbol id="bus-stop" src="jar:symbols/transport/bus_stop.svg" />
            <rule e="any" k="*" v="*" zoom-min="16">
                <caption fill="#0092DA" font-size="12" font-style="bold" k="name" position="above"
                    stroke="#FFFFFF" stroke-width="2.0" symbol-id="bus-stop" />
            </rule>
        </rule>
    </rule>

    <!-- food -->
    <rule e="any" k="*" v="*">
        <rule e="any" k="amenity" v="restaurant" zoom-min="14">
            <symbol id="restaurant" src="jar:symbols/food/restaurant.svg" />
            <rule e="node" k="*" v="*" zoom-min="16">
                <caption fill="#734A08" font-size="12" font-style="bold" k="name" position="above"
                    stroke="#FFFFFF" stroke-width="2.0" symbol-id="restaurant" />
            </rule>
        </rule>
        <rule e="any" k="amenity" v="fast_food" zoom-min="15">
            <symbol src="jar:symbols/food/fastfood.svg" />
        </rule>
        <rule e="any" k="amenity" v="biergarten" zoom-min="15">
            <symbol src="jar:symbols/food/biergarten.svg" />
        </rule>
        <rule e="any" k="amenity" v="cafe" zoom-min="15">
            <symbol src="jar:symbols/food/cafe.svg" />
        </rule>
        <rule e="any" k="amenity" v="pub|bar" zoom-min="15">
            <symbol src="jar:symbols/food/bar.svg" />
        </rule>
    </rule>

    <!-- shopping -->
    <rule e="any" k="*" v="*">
        <rule e="any" k="shop" v="supermarket|department_store|mall" zoom-min="14">
            <symbol src="jar:symbols/shopping/supermarket.svg" />
        </rule>
        <rule e="any" k="shop" v="convenience|general|kiosk" zoom-min="14">
            <symbol src="jar:symbols/shopping/convenience.svg" />
        </rule>
        <rule e="any" k="shop" v="bakery" zoom-min="14">
            <symbol src="jar:symbols/shopping/bakery.svg" />
        </rule>
        <rule e="any" k="amenity" v="fuel" zoom-min="13">
            <symbol id="fuel" src="jar:symbols/transport/fuel.svg" />
            <rule e="any" k="*" v="*" zoom-min="18">
                <caption fill="#0092DA" font-size="12" font-style="bold" k="name" stroke="#FFFFFF"
                    stroke-width="2.0" symbol-id="fuel" />
            </rule>
        </rule>
        <rule e="any" k="amenity" v="marketplace" zoom-min="15">
            <symbol id="marketplace" src="jar:symbols/shopping/marketplace.svg" />
            <rule e="any" k="*" v="*" zoom-min="18">
                <caption fill="#AC39AC" font-size="12" font-style="bold" k="name" stroke="#FFFFFF"
                    stroke-width="2.0" symbol-id="marketplace" />
            </rule>
        </rule>
        <rule e="any" k="shop" v="doityourself|hardware|houseware" zoom-min="16">
            <symbol src="jar:symbols/shopping/diy.svg" />
        </rule>
        <rule e="any" k="shop" v="bicycle" zoom-min="16">
            <symbol src="jar:symbols/shopping/bicycle.svg" />
        </rule>
        <rule e="any" k="shop" v="organic|farm|greengrocer|cheese" zoom-min="17">
            <symbol src="jar:symbols/shopping/greengrocer.svg" />
        </rule>
        <rule e="any" k="shop" v="butcher|seafood|deli" zoom-min="17">
            <symbol src="jar:symbols/shopping/butcher.svg" />
        </rule>
        <rule e="any" k="shop" v="laundry|dry_cleaning" zoom-min="17">
            <symbol src="jar:symbols/shopping/laundrette.svg" />
        </rule>
        <rule e="any" k="shop" v="beverages|alcohol" zoom-min="17">
            <symbol src="jar:symbols/shopping/alcohol.svg" />
        </rule>
        <rule e="any" k="shop" v="books|newsagent" zoom-min="17">
            <symbol src="jar:symbols/shopping/book.svg" />
        </rule>
        <rule e="any" k="shop" v="car|car_repair|car_parts|motorcycle" zoom-min="16">
            <symbol src="jar:symbols/shopping/car_repair.svg" />
        </rule>
    </rule>

    <!-- amenity -->
    <rule e="any" k="*" v="*">
        <rule e="any" k="amenity" v="drinking_water" zoom-min="16">
            <symbol src="jar:symbols/food/drinkingtap.svg" />
        </rule>
        <rule e="any" k="amenity" v="toilets" zoom-min="15">
            <symbol src="jar:symbols/amenity/toilets.svg" />
        </rule>
        <rule e="any" k="tourism" v="picnic_site" zoom-min="15">
            <symbol src="jar:symbols/tourist/picnic.svg" />
        </rule>
        <rule e="node" k="amenity" v="bench" zoom-min="15">
            <symbol src="jar:symbols/bench.svg" />
        </rule>
        <rule e="any" k="amenity" v="atm" zoom-min="15">
            <symbol id="atm" src="jar:symbols/money/atm2.svg" />
            <rule e="any" k="*" v="*" zoom-min="18">
                <caption fill="#666666" font-size="12" font-style="bold" k="name" position="above"
                    stroke="#FFFFFF" stroke-width="2.0" symbol-id="atm" />
            </rule>
        </rule>
        <rule e="any" k="amenity" v="bank" zoom-min="15">
            <symbol id="bank" src="jar:symbols/money/bank2.svg" />
            <rule e="any" k="*" v="*" zoom-min="18">
                <caption fill="#666666" font-size="12" font-style="bold" k="name" position="above"
                    stroke="#FFFFFF" stroke-width="2.0" symbol-id="bank" />
            </rule>
        </rule>
        <rule e="any" k="amenity" v="post_box" zoom-min="15">
            <symbol src="jar:symbols/amenity/post_box.svg" />
        </rule>
        <rule e="any" k="amenity" v="post_office" zoom-min="15">
            <symbol src="jar:symbols/amenity/post_office.svg" />
        </rule>
        <rule e="any" k="amenity" v="telephone" zoom-min="15">
            <symbol src="jar:symbols/amenity/telephone.svg" />
        </rule>
        <rule e="any" k="amenity" v="recycling" zoom-min="16">
            <symbol src="jar:symbols/amenity/recycling.svg" />
        </rule>
        <rule e="any" k="amenity" v="fountain" zoom-min="16">
            <rule e="any" k="drinking_water" v="yes">
                <symbol src="jar:symbols/food/drinkingtap.svg" />
            </rule>
            <rule e="any" k="*" v="*">
                <symbol src="jar:symbols/amenity/fountain2.svg" />
            </rule>
        </rule>
        <rule e="any" k="amenity" v="cinema" zoom-min="17">
            <symbol src="jar:symbols/tourist/cinema2.svg" />
        </rule>
        <rule e="any" k="amenity" v="bicycle_rental" zoom-min="15">
            <symbol src="jar:symbols/transport/rental_bicycle.svg" />
        </rule>
        <rule e="any" k="leisure" v="playground" zoom-min="16">
            <symbol id="playground" src="jar:symbols/amenity/playground.svg" />
            <rule e="any" k="*" v="*" zoom-min="18">
                <caption fill="#39AC39" font-size="12" font-style="bold" k="name" stroke="#FFFFFF"
                    stroke-width="2.0" symbol-id="playground" />
            </rule>
        </rule>
        <rule e="any" k="amenity" v="kindergarten" zoom-min="17">
            <symbol id="nursery" src="jar:symbols/education/nursery3.svg" />
            <rule e="any" k="*" v="*" zoom-min="18">
                <caption fill="#39AC39" font-size="12" font-style="bold" k="name" stroke="#FFFFFF"
                    stroke-width="2.0" symbol-id="nursery" />
            </rule>
        </rule>
        <rule e="any" k="amenity|building" v="library" zoom-min="17">
            <symbol id="library" src="jar:symbols/amenity/library.svg" />
            <rule e="any" k="*" v="*" zoom-min="18">
                <caption fill="#39AC39" font-size="12" font-style="bold" k="name" stroke="#FFFFFF"
                    stroke-width="2.0" symbol-id="library" />
            </rule>
        </rule>
        <rule e="any" k="amenity|building" v="school" zoom-min="17">
            <symbol id="school" src="jar:symbols/education/school.svg" />
            <rule e="any" k="*" v="*" zoom-min="18">
                <caption fill="#39AC39" font-size="12" font-style="bold" k="name" stroke="#FFFFFF"
                    stroke-width="2.0" symbol-id="school" />
            </rule>
        </rule>
        <rule e="any" k="amenity" v="theatre" zoom-min="17">
            <symbol id="theatre" src="jar:symbols/tourist/theatre.svg" />
            <rule e="any" k="*" v="*" zoom-min="18">
                <caption fill="#734A08" font-size="12" font-style="bold" k="name" stroke="#FFFFFF"
                    stroke-width="2.0" symbol-id="theatre" />
            </rule>
        </rule>
        <rule e="any" k="amenity|building" v="university|college" zoom-min="17">
            <symbol src="jar:symbols/education/university.svg" />
        </rule>
        <rule e="any" k="leisure" v="slipway" zoom-min="16">
            <symbol src="jar:symbols/transport/slipway.svg" />
        </rule>
    </rule>

    <!-- highway -->
    <rule e="any" k="*" v="*">
        <rule e="any" k="amenity" v="parking" zoom-min="17">
            <rule e="any" k="access" v="private">
                <symbol src="jar:symbols/transport/parking_private.svg" />
            </rule>
            <rule e="any" k="*" v="*">
                <symbol src="jar:symbols/transport/parking.svg" />
            </rule>
        </rule>
        <rule e="node" k="highway" v="traffic_signals" zoom-min="17">
            <symbol src="jar:symbols/transport/traffic_lights.svg" />
        </rule>
    </rule>
    <!-- tourism & POI -->
    <rule e="any" k="*" v="*">
        <rule e="node" k="tourism" v="viewpoint" zoom-min="15">
            <symbol id="viewpoint" src="jar:symbols/tourist/view_point.svg" />
            <rule e="any" k="natural" v="~" zoom-min="17">
                <caption fill="#734A08" font-size="12" font-style="bold" k="name" stroke="#FFFFFF"
                    stroke-width="2.0" symbol-id="viewpoint" />
                <caption fill="#734A08" font-size="12" font-style="bold" k="ele" position="above"
                    stroke="#FFFFFF" stroke-width="2.0" symbol-id="viewpoint" />
            </rule>
        </rule>
        <rule e="any" k="tourism" v="attraction" zoom-min="15">
            <symbol id="attraction" src="jar:symbols/tourist/attraction.svg" />
            <caption fill="#734A08" font-size="12" font-style="bold" k="name" stroke="#FFFFFF"
                stroke-width="2.0" symbol-id="attraction" />
        </rule>
        <rule e="any" k="tourism" v="information" zoom-min="16">
            <symbol src="jar:symbols/tourist/information.svg" />
        </rule>
        <rule e="any" k="tourism" v="zoo" zoom-min="15">
            <symbol src="jar:symbols/tourist/zoo.svg" />
        </rule>
        <rule e="any" k="tourism|building" v="museum" zoom-min="16">
            <symbol id="museum" src="jar:symbols/tourist/museum.svg" />
            <caption fill="#734A08" font-size="12" font-style="bold" k="name" stroke="#FFFFFF"
                stroke-width="2.0" symbol-id="museum" />
        </rule>
        <rule e="any" k="historic|building" v="castle" zoom-min="14">
            <symbol src="jar:symbols/tourist/castle2.svg" />
        </rule>
        <rule e="any" k="historic|building" v="ruins" zoom-min="14">
            <symbol src="jar:symbols/tourist/ruin.svg" />
        </rule>
        <rule e="any" k="historic" v="monument" zoom-min="15">
            <symbol src="jar:symbols/tourist/monument.svg" />
        </rule>
        <rule e="any" k="historic" v="memorial" zoom-min="16">
            <symbol src="jar:symbols/tourist/memorial.svg" />
        </rule>
        <rule e="any" k="historic" v="archaeological_site" zoom-min="15">
            <symbol src="jar:symbols/tourist/archaeological2.svg" />
        </rule>
        <rule e="any" k="historic|building" v="ruins|castle|monument" zoom-min="17">
            <caption fill="#734a08" font-size="12" font-style="bold" k="name" position="above"
                stroke="#FFFFFF" stroke-width="2.0" symbol-id="museum" />
        </rule>
        <rule e="node" k="man_made" v="windmill" zoom-min="14">
            <symbol src="jar:symbols/tourist/windmill.svg" />
        </rule>
        <rule e="node" k="man_made" v="lighthouse" zoom-min="14">
            <symbol id="lighthouse" src="jar:symbols/transport/lighthouse.svg" />
            <rule e="any" k="*" v="*" zoom-min="18">
                <caption fill="#0092DA" font-size="12" font-style="bold" k="name" position="above"
                    stroke="#FFFFFF" stroke-width="2.0" symbol-id="lighthouse" />
            </rule>
        </rule>
        <rule e="any" k="building" v="church|cathedral|chapel" zoom-min="14">
            <symbol src="jar:symbols/place_of_worship/christian.svg" />
        </rule>
        <rule e="any" k="amenity" v="place_of_worship" zoom-min="14">
            <rule e="any" k="religion" v="buddhist">
                <symbol id="buddhist" src="jar:symbols/place_of_worship/buddhist.svg" />
                <rule e="any" k="*" v="*" zoom-min="18">
                    <caption fill="#666666" font-size="12" font-style="bold" k="name"
                        position="above" stroke="#FFFFFF" stroke-width="2.0" symbol-id="buddhist" />
                </rule>
            </rule>
            <rule e="any" k="religion" v="christian">
                <symbol id="christian" src="jar:symbols/place_of_worship/christian.svg" />
                <rule e="any" k="*" v="*" zoom-min="18">
                    <caption fill="#666666" font-size="12" font-style="bold" k="name"
                        position="above" stroke="#FFFFFF" stroke-width="2.0"
                        symbol-id="christian" />
                </rule>
            </rule>
            <rule e="any" k="religion" v="hindu">
                <symbol id="hindu" src="jar:symbols/place_of_worship/hindu.svg" />
                <rule e="any" k="*" v="*" zoom-min="18">
                    <caption fill="#666666" font-size="12" font-style="bold" k="name"
                        position="above" stroke="#FFFFFF" stroke-width="2.0" symbol-id="hindu" />
                </rule>
            </rule>
            <rule e="any" k="religion" v="jewish">
                <symbol id="jewish" src="jar:symbols/place_of_worship/jewish.svg" />
                <rule e="any" k="*" v="*" zoom-min="18">
                    <caption fill="#666666" font-size="12" font-style="bold" k="name"
                        position="above" stroke="#FFFFFF" stroke-width="2.0" symbol-id="jewish" />
                </rule>
            </rule>
            <rule e="any" k="religion" v="muslim">
                <symbol id="muslim" src="jar:symbols/place_of_worship/islamic.svg" />
                <rule e="any" k="*" v="*" zoom-min="18">
                    <caption fill="#666666" font-size="12" font-style="bold" k="name"
                        position="above" stroke="#FFFFFF" stroke-width="2.0" symbol-id="muslim" />
                </rule>
            </rule>
            <rule e="any" k="religion" v="shinto">
                <symbol id="shinto" src="jar:symbols/place_of_worship/shinto.svg" />
                <rule e="any" k="*" v="*" zoom-min="18">
                    <caption fill="#666666" font-size="12" font-style="bold" k="name"
                        position="above" stroke="#FFFFFF" stroke-width="2.0" symbol-id="shinto" />
                </rule>
            </rule>
            <rule e="any" k="religion" v="~|*">
                <symbol id="religion-unknown" src="jar:symbols/place_of_worship/unknown.svg" />
                <rule e="any" k="*" v="*" zoom-min="18">
                    <caption fill="#666666" font-size="12" font-style="bold" k="name"
                        position="above" stroke="#FFFFFF" stroke-width="2.0"
                        symbol-id="religion-unknown" />
                </rule>
            </rule>
        </rule>
    </rule>


    <!-- sports -->
    <rule e="any" k="*" v="*">
        <rule e="any" k="leisure" v="water_park" zoom-min="14">
            <symbol src="jar:symbols/sport/swimming_outdoor.svg" />
        </rule>
        <rule e="way" k="leisure" v="~" zoom-min="14">
            <rule e="way" k="sport" v="swimming">
                <symbol src="jar:symbols/sport/swimming_outdoor.svg" />
            </rule>
        </rule>
        <rule e="node" k="sport" v="swimming" zoom-min="14">
            <symbol src="jar:symbols/sport/swimming_outdoor.svg" />
        </rule>
        <rule e="any" k="sport" v="soccer" zoom-min="16">
            <symbol src="jar:symbols/sport/soccer.svg" />
        </rule>
        <rule e="any" k="sport" v="tennis" zoom-min="16">
            <symbol src="jar:symbols/sport/tennis.svg" />
        </rule>
        <rule e="any" k="sport|leisure" v="golf|golf_course" zoom-min="16">
            <symbol src="jar:symbols/sport/golf.svg" />
        </rule>
        <rule e="any" k="sport" v="shooting" zoom-min="16">
            <symbol src="jar:symbols/sport/shooting.svg" />
        </rule>
        <rule e="any" k="leisure" v="stadium" zoom-min="15">
            <symbol src="jar:symbols/sport/stadium.svg" />
        </rule>
    </rule>


    <!-- railway -->
    <rule e="node" k="railway" v="crossing" zoom-min="15">
        <symbol src="jar:symbols/railway-crossing-small.svg" />
    </rule>
    <rule e="node" k="railway" v="level_crossing" zoom-min="15">
        <symbol src="jar:symbols/railway-crossing.svg" />
    </rule>
    <!-- barriers -->
    <rule e="any" k="barrier" v="*" zoom-min="17">
        <rule e="node" k="barrier" v="bollard">
            <symbol src="jar:symbols/barrier/bollard.svg" />
        </rule>
        <rule e="node" k="barrier" v="lift_gate|chain">
            <symbol src="jar:symbols/barrier/lift_gate.svg" />
        </rule>
        <rule e="node" k="barrier" v="stile">
            <symbol src="jar:symbols/barrier/stile.svg" />
        </rule>
        <rule e="node" k="barrier" v="cycle_barrier">
            <symbol src="jar:symbols/barrier/cycle_barrier.svg" />
        </rule>
        <rule e="node" k="barrier" v="gate">
            <symbol src="jar:symbols/barrier/gate.svg" />
        </rule>
        <rule e="any" k="barrier" v="block">
            <symbol src="jar:symbols/barrier/blocks.svg" />
        </rule>
    </rule>

    <!-- names for POIs -->
    <rule e="any" k="amenity" v="restaurant|fast_food|biergarten|cafe|pub|bar" zoom-min="18">
        <caption fill="#734A08" font-size="12" font-style="bold" k="name" position="above"
            stroke="#FFFFFF" stroke-width="2.0" symbol-id="restaurant" />
    </rule>
    <rule e="any" k="tourism|amenity|man_made|leisure|historic"
        v="information|zoo|memorial|windmill" zoom-min="18">
        <caption fill="#734A08" font-size="12" font-style="bold" k="name" position="above"
            stroke="#FFFFFF" stroke-width="2.0" />
    </rule>
    <rule e="any" k="tourism|amenity|leisure"
        v="drinking_water|picnic_site|toilets|bench|post_office|fountain|cinema|library|playground"
        zoom-min="18">
        <caption fill="#734A08" font-size="12" font-style="bold" k="name" position="above"
            stroke="#FFFFFF" stroke-width="2.0" />
    </rule>
    <rule e="any" k="sport|leisure|amenity"
        v="swimming|water_park|soccer|tennis|golf|golf_course|shooting|stadium" zoom-min="18">
        <caption fill="#39AC39" font-size="12" font-style="bold" k="name" position="above"
            stroke="#FFFFFF" stroke-width="2.0" />
    </rule>

    <rule e="any" k="shop" v="*" zoom-min="18">
        <caption fill="#AC39AC" font-size="12" font-style="bold" k="name" position="above"
            stroke="#FFFFFF" stroke-width="2.0" />
    </rule>

    <!-- building captions -->
    <rule e="any" k="*" v="*">
        <rule e="any" k="building" v="*" zoom-min="18">
            <caption fill="#666666" font-size="12" font-style="bold" k="name" stroke="#FFFFFF"
                stroke-width="2.0" />
        </rule>
        <rule e="any" k="addr:housenumber" v="*" zoom-min="19">
            <caption fill="#666666" font-size="10" font-style="bold" k="addr:housenumber"
                stroke="#FFFFFF" stroke-width="2.0" />
        </rule>
    </rule>

</rendertheme>
