<?xml version="1.0" encoding="UTF-8"?>
<rendertheme xmlns:xsi="http://www.w3.org/2001/XMLSchema-instance" map-background="#f8f8f8"
    map-background-outside="#dddddd" version="5" xmlns="http://mapsforge.org/renderTheme"
    xsi:schemaLocation="http://mapsforge.org/renderTheme https://raw.githubusercontent.com/mapsforge/mapsforge/master/resources/renderTheme.xsd">

    <rule e="way" k="natural" v="issea|sea">
        <area fill="#B3DDFF" />
    </rule>

    <rule e="way" k="natural" v="nosea">
        <area fill="#F8F8F8" stroke="#F8F8F8" stroke-width="1.0" />
    </rule>

    <!-- ways -->
    <rule e="way" k="*" v="*">
        <!-- landuse -->
        <rule e="way" k="landuse" v="*">
            <rule e="way" k="landuse" v="military">
                <area src="jar:patterns/military.png" stroke="#e4e4e4" stroke-width="0.2" />
            </rule>
            <rule e="way" k="landuse" v="residential|farmyard">
                <area fill="#e4e4e4" />
            </rule>
            <rule e="way" k="landuse" v="retail">
                <area fill="#ffebeb" stroke="#e4e4e4" stroke-width="0.2" />
            </rule>
            <rule e="way" k="landuse" v="industrial|brownfield|railway">
                <area fill="#ecd8ff" stroke="#e4e4e4" stroke-width="0.2" />
            </rule>
            <rule e="way" k="landuse" v="commercial">
                <area fill="#ffffc0" stroke="#e4e4e4" stroke-width="0.2" />
            </rule>
            <rule e="way" k="landuse" v="construction|greenfield">
                <area fill="#a47c41" stroke="#e4e4e4" stroke-width="0.2" />
            </rule>
            <rule e="way" k="landuse" v="garages">
                <area fill="#d6d6e4" />
            </rule>

            <rule e="way" k="*" v="*" zoom-min="16">
                <caption fill="#4040ff" font-size="10" font-style="bold" k="name" stroke="#ffffff"
                    stroke-width="2.0" />
            </rule>
        </rule>


        <!-- tunnel -->
        <rule e="way" k="tunnel" v="true|yes">
            <!-- highway tunnels -->
            <rule e="way" k="highway" v="*">
                <!-- highway tunnel casings -->
                <rule e="way" k="highway" v="steps|footway|path">
                    <line stroke="#707070" stroke-dasharray="5,5" stroke-linecap="butt"
                        stroke-width="0.6" />
                </rule>
                <rule e="way" k="highway" v="track|cycleway|bridleway|service">
                    <line stroke="#707070" stroke-dasharray="5,5" stroke-linecap="butt"
                        stroke-width="1.0" />
                </rule>
                <rule e="way" k="highway" v="construction">
                    <line stroke="#707070" stroke-dasharray="5,5" stroke-linecap="butt"
                        stroke-width="1.1" />
                </rule>
                <rule e="way" k="highway" v="road">
                    <line stroke="#707070" stroke-dasharray="5,5" stroke-linecap="butt"
                        stroke-width="1.3" />
                </rule>
                <rule e="way" k="highway"
                    v="pedestrian|unclassified|residential|living_street|byway">
                    <line stroke="#707070" stroke-dasharray="5,5" stroke-linecap="butt"
                        stroke-width="1.5" />
                </rule>
                <rule e="way" k="highway"
                    v="tertiary|secondary_link|primary_link|trunk_link|motorway_link|secondary|primary|trunk">
                    <line stroke="#707070" stroke-dasharray="5,5" stroke-linecap="butt"
                        stroke-width="1.8" />
                </rule>
                <rule e="way" k="highway" v="motorway">
                    <line stroke="#707070" stroke-dasharray="5,5" stroke-linecap="butt"
                        stroke-width="2.0" />
                </rule>

                <!-- highway tunnel cores -->
                <rule e="way" k="highway" v="steps|footway|path">
                    <line stroke="#ffffff" stroke-dasharray="5,5" stroke-linecap="butt"
                        stroke-width="0.45" />
                </rule>
                <rule e="way" k="highway" v="track">
                    <line stroke="#ffffff" stroke-dasharray="5,5" stroke-linecap="butt"
                        stroke-width="0.7" />
                </rule>
                <rule e="way" k="highway" v="cycleway|bridleway|service">
                    <line stroke="#ffffff" stroke-dasharray="5,5" stroke-linecap="butt"
                        stroke-width="0.85" />
                </rule>
                <rule e="way" k="highway" v="construction">
                    <line stroke="#ffffff" stroke-dasharray="5,5" stroke-linecap="butt"
                        stroke-width="1.0" />
                </rule>
                <rule e="way" k="highway" v="road">
                    <line stroke="#ffffff" stroke-dasharray="5,5" stroke-linecap="butt"
                        stroke-width="1.25" />
                </rule>
                <rule e="way" k="highway"
                    v="pedestrian|unclassified|residential|living_street|byway">
                    <line stroke="#ffffff" stroke-dasharray="5,5" stroke-linecap="butt"
                        stroke-width="1.35" />
                </rule>
                <rule e="way" k="highway"
                    v="tertiary_link|tertiary|secondary_link|primary_link|trunk_link|motorway_link|secondary|primary|trunk">
                    <line stroke="#ffffff" stroke-dasharray="5,5" stroke-linecap="butt"
                        stroke-width="1.5" />
                </rule>
                <rule e="way" k="highway" v="motorway">
                    <line stroke="#ffffff" stroke-dasharray="5,5" stroke-linecap="butt"
                        stroke-width="1.7" />
                </rule>
            </rule>

            <!-- railway tunnel -->
            <rule e="way" k="railway" v="*">
                <rule e="way" k="railway" v="tram|subway|light_rail|narrow_gauge">
                    <line stroke="#880f0f4c" stroke-dasharray="4,4" stroke-linecap="butt"
                        stroke-width="0.25" />
                </rule>
                <rule e="way" k="railway" v="rail">
                    <line stroke="#aa333333" stroke-dasharray="4,4" stroke-linecap="butt"
                        stroke-width="0.4" />
                </rule>
            </rule>
        </rule>


        <!-- landuse -->
        <rule e="way" k="landuse" v="*">
            <rule e="way" k="landuse" v="landfill|quarry">
                <area fill="#e9dd72" stroke="#556b2f" stroke-width="0.2" />
            </rule>
            <rule e="way" k="landuse" v="cemetery">
                <area src="jar:patterns/cemetery.png" stroke="#e4e4e4" stroke-width="0.2" />
            </rule>
            <rule e="way" k="landuse" v="field|farm|farmland|meadow|grass">
                <area fill="#ebfff2" stroke="#9ee673" stroke-width="0.1" />
            </rule>
            <rule e="way" k="landuse" v="allotments|village_green|recreation_ground">
                <area fill="#bde3cb" stroke="#6fc13d" stroke-width="0.2" />
            </rule>
            <rule e="way" k="landuse" v="reservoir|basin">
                <area fill="#b5d6f1" />
            </rule>

            <rule e="way" k="*" v="*" zoom-min="16">
                <caption fill="#4040ff" font-size="10" font-style="bold" k="name" stroke="#ffffff"
                    stroke-width="2.0" />
            </rule>
        </rule>


        <rule e="way" k="natural|landuse" v="forest|wood|scrub">
            <rule e="way" k="wood" v="*">
                <rule e="way" k="wood" v="coniferous">
                    <area src="jar:patterns/wood-coniferous.png" />
                </rule>
                <rule e="way" k="wood" v="deciduous">
                    <area src="jar:patterns/wood-deciduous.png" />
                </rule>
                <rule e="way" k="wood" v="mixed">
                    <area src="jar:patterns/wood-mixed.png" />
                </rule>
            </rule>
            <rule e="way" k="wood" v="~">
                <area fill="#6fc18e" stroke="#6fc18e" stroke-width="0.2" />
            </rule>

            <rule e="way" k="*" v="*" zoom-min="16">
                <caption fill="#4040ff" font-size="10" font-style="bold" k="name" stroke="#ffffff"
                    stroke-width="2.0" />
            </rule>
        </rule>


        <!-- amenity -->
        <rule e="way" k="amenity" v="*">
            <rule e="way" k="amenity" v="kindergarten|school|college|university">
                <area fill="#cdabde" stroke="#e9dd72" stroke-width="0.2" />
            </rule>
            <rule e="way" k="amenity" v="grave_yard">
                <area src="jar:patterns/cemetery.png" stroke="#e4e4e4" stroke-width="0.2" />
            </rule>
            <rule e="way" k="amenity" v="parking">
                <area fill="#ffffc0" stroke="#e9dd72" stroke-width="0.2" />
                <rule e="way" k="access" v="private" zoom-min="15">
                    <area src="jar:patterns/access-private.png" />
                </rule>
                <rule e="way" k="*" v="*" zoom-min="17">
                    <symbol src="jar:symbols/transport/parking.svg" />
                </rule>
            </rule>
            <rule closed="yes" e="way" k="amenity" v="fountain">
                <area fill="#b5d6f1" stroke="#000080" stroke-width="0.15" />
                <rule e="way" k="*" v="*" zoom-min="17">
                    <symbol src="jar:symbols/amenity/fountain2.svg" />
                </rule>
            </rule>
            <rule e="way" k="amenity" v="hospital" zoom-min="15">
                <symbol src="jar:symbols/health/hospital.svg" />
            </rule>
            <rule e="way" k="amenity" v="theatre" zoom-min="17">
                <symbol src="jar:symbols/tourist/theatre.svg" />
            </rule>
            <rule e="way" k="amenity" v="toilets" zoom-min="17">
                <symbol src="jar:symbols/amenity/toilets.svg" />
            </rule>

            <rule e="way" k="*" v="*" zoom-min="17">
                <caption fill="#4040ff" font-size="10" font-style="bold" k="name" stroke="#ffffff"
                    stroke-width="2.0" />
            </rule>
        </rule>


        <!-- natural -->
        <rule e="way" k="natural" v="*">
            <rule e="way" k="natural" v="glacier">
                <area fill="#fafaff" stroke="#add8e6" stroke-width="0.8" />
            </rule>
            <rule e="way" k="natural" v="land">
                <area fill="#f8f8f8" stroke="#e0e0e0" stroke-width="0.1" />
            </rule>
            <rule e="way" k="natural" v="beach">
                <area fill="#eecc55" />
            </rule>
            <rule e="way" k="natural" v="heath">
                <area fill="#ffffc0" stroke="#ffff90" stroke-width="0.2" />
            </rule>
            <rule e="way" k="natural" v="marsh|wetland">
                <area src="jar:patterns/marsh.png" />
            </rule>

            <rule e="way" k="*" v="*" zoom-min="16">
                <caption fill="#4040ff" font-size="10" font-style="bold" k="name" stroke="#ffffff"
                    stroke-width="2.0" />
            </rule>
        </rule>


        <!-- leisure -->
        <rule e="way" k="leisure" v="*">
            <rule e="way" k="leisure" v="park|garden|golf_course|common|green">
                <area fill="#c7f1a3" stroke="#6fc18e" stroke-width="0.2" />
            </rule>
            <rule e="way" k="leisure" v="playground|playing_fields|pitch|dog_park">
                <area fill="#c7f1a3" stroke="#6fc18e" stroke-width="0.2" />
                <rule e="way" k="*" v="playground" zoom-min="17">
                    <symbol src="jar:symbols/amenity/playground.svg" />
                </rule>
            </rule>
            <rule e="way" k="leisure" v="nature_reserve">
                <area src="jar:patterns/nature-reserve.png" stroke="#6fc18e" stroke-width="0.2" />
            </rule>

            <rule e="way" k="leisure" v="stadium|sports_centre|water_park">
                <area fill="#bde3cb" stroke="#6fc18e" stroke-width="0.2" />
            </rule>
            <rule e="way" k="leisure" v="track">
                <rule e="way" k="area" v="yes|true">
                    <area fill="#bde3cb" stroke="#6fc18e" stroke-width="0.025" />
                </rule>
                <rule e="way" k="area" v="~|no|false">
                    <line stroke="#6fc18e" stroke-width="0.75" />
                    <line stroke="#bde3cb" stroke-width="0.7" />
                </rule>
            </rule>
            <rule e="way" k="leisure" v="swimming_pool">
                <area fill="#b5d6f1" stroke="#6060ff" stroke-width="0.2" />
            </rule>

            <rule e="way" k="*" v="*" zoom-min="16">
                <caption fill="#4040ff" font-size="10" font-style="bold" k="name" stroke="#ffffff"
                    stroke-width="2.0" />
            </rule>
        </rule>


        <!-- waterways -->
        <rule e="way" k="waterway" v="*">
            <!-- waterway casings -->
            <rule e="way" k="waterway" v="drain">
                <line stroke="#b0b0b0" stroke-width="1.0" />
            </rule>
            <rule e="way" k="waterway" v="canal">
                <line stroke="#b0b0b0" stroke-width="1.0" />
            </rule>

            <!-- waterway cores -->
            <rule e="way" k="waterway" v="ditch">
                <line stroke="#b5d6f1" stroke-width="0.1" />
            </rule>
            <rule e="way" k="waterway" v="drain">
                <line stroke="#b5d6f1" stroke-width="0.8" />
            </rule>
            <rule e="way" k="waterway" v="canal">
                <line stroke="#b5d6f1" stroke-width="0.8" />
            </rule>
            <rule e="way" k="waterway" v="stream">
                <line stroke="#b5d6f1" stroke-width="0.275" />
            </rule>
            <rule e="way" k="waterway" v="river">
                <line stroke="#b5d6f1" stroke-width="1.0" />
            </rule>

            <rule e="way" k="waterway" v="dock">
                <area fill="#b5d6f1" />
            </rule>
            <rule e="way" k="waterway" v="riverbank">
                <area fill="#b5d6f1" />
            </rule>
            <rule e="way" k="waterway" v="weir">
                <line stroke="#000044" stroke-width="0.375" />
            </rule>
            <rule e="way" k="waterway" v="dam">
                <line stroke="#000000" stroke-width="0.5" />
            </rule>
            <rule e="way" k="lock" v="yes|true">
                <line stroke="#000000" stroke-linecap="butt" stroke-width="2.0" />
                <line stroke="#f8f8f8" stroke-linecap="butt" stroke-width="1.5" />
            </rule>
        </rule>


        <!-- military -->
        <rule e="way" k="military" v="*">
            <area src="jar:patterns/military.png" stroke="#e4e4e4" stroke-width="0.2" />
        </rule>


        <!-- sport -->
        <rule e="way" k="sport" v="*">
            <rule e="way" k="sport" v="soccer" zoom-min="17">
                <symbol src="jar:symbols/sport/soccer.svg" />
            </rule>
            <rule e="way" k="sport" v="swimming|canoe|diving|scuba_diving">
                <area fill="#b5d6f1" stroke="#6060ff" stroke-width="0.2" />
            </rule>
            <rule e="way" k="sport" v="tennis">
                <area fill="#d18a6a" stroke="#b36c4c" stroke-width="0.2" />
                <rule e="way" k="*" v="*" zoom-min="17">
                    <symbol src="jar:symbols/sport/tennis.svg" />
                </rule>
            </rule>
        </rule>


        <!-- tourism areas -->
        <rule e="way" k="tourism" v="*">
            <rule e="way" k="tourism" v="attraction">
                <area fill="#f2caea" />
            </rule>
            <rule e="way" k="tourism" v="zoo|picnic_site|caravan_site|camp_site">
                <area fill="#c7f1a3" stroke="#6fc18e" stroke-width="0.2" />
            </rule>

            <rule e="way" k="*" v="*" zoom-min="16">
                <caption fill="#4040ff" font-size="10" font-style="bold" k="name" stroke="#ffffff"
                    stroke-width="2.0" />
            </rule>
        </rule>


        <rule e="way" k="natural" v="water">
            <area fill="#b5d6f1" />
        </rule>


        <!-- highway area -->
        <rule e="way" k="area" v="yes|true">
            <rule e="way" k="highway" v="*">
                <rule e="way" k="highway" v="footway|footpath">
                    <area fill="#e5e0c2" stroke="#707070" stroke-width="0.15" />
                </rule>
                <rule e="way" k="highway" v="pedestrian">
                    <area fill="#e5e0c2" stroke="#707070" stroke-width="0.15" />
                </rule>
                <rule e="way" k="highway" v="path">
                    <area fill="#d0d0d0" stroke="#d0d0d0" stroke-width="0.45" />
                </rule>
                <rule e="way" k="highway" v="service">
                    <area fill="#ffffff" stroke="#707070" stroke-width="0.15" />
                </rule>
                <rule e="way" k="highway" v="unclassified">
                    <area fill="#ffffff" stroke="#707070" stroke-width="0.3" />
                </rule>
                <rule e="way" k="highway" v="residential">
                    <area fill="#ffffff" stroke="#707070" stroke-width="0.15" />
                </rule>
                <rule e="way" k="highway" v="road">
                    <area fill="#d0d0d0" />
                </rule>
                <rule e="way" k="highway" v="living_street">
                    <area fill="#ffffff" stroke="#ffffff" stroke-width="0.15" />
                </rule>
            </rule>
        </rule>


        <!-- platform cores -->
        <rule e="way" k="highway|railway|public_transport" v="platform">
            <rule closed="yes" e="way" k="*" v="*">
                <area fill="#9b9b79" />
            </rule>
            <rule closed="no" e="way" k="*" v="*">
                <line stroke="#9b9b79" stroke-width="0.3" />
            </rule>
        </rule>


        <!-- runways casings and areas -->
        <rule e="way" k="aeroway" v="*">
            <rule closed="yes" e="way" k="aeroway" v="aerodrome">
                <area fill="#d8dcce" stroke="#000000" stroke-width="0.5" />
            </rule>
            <rule e="way" k="aeroway" v="apron">
                <area fill="#f0f0f0" />
            </rule>
            <rule e="way" k="aeroway" v="terminal">
                <area fill="#f3d6b6" stroke="#6a5a8e" stroke-width="0.2" />
            </rule>
            <rule e="way" k="aeroway" v="runway">
                <line stroke="#000000" stroke-linecap="square" stroke-width="6.3" />
            </rule>
            <rule e="way" k="aeroway" v="taxiway">
                <line stroke="#000000" stroke-linecap="butt" stroke-width="2.7" />
            </rule>

            <rule e="way" k="*" v="*" zoom-min="16">
                <caption fill="#4040ff" font-size="10" font-style="bold" k="name" stroke="#ffffff"
                    stroke-width="2.0" />
            </rule>
        </rule>
    </rule>


    <!-- hillshading -->
    <hillshading />


    <!-- turning circles -->
    <rule e="node" k="highway" v="turning_circle">
        <circle fill="#707070" radius="1.5" scale-radius="true" />
    </rule>


    <!-- ways -->
    <rule e="way" k="*" v="*">
        <!-- no tunnel -->
        <rule e="way" k="tunnel" v="~|no|false">
            <!-- no area -->
            <rule e="way" k="area" v="~|no|false">
                <!-- highway -->
                <rule e="way" k="highway" v="*">
                    <!-- no bridge -->
                    <rule e="way" k="bridge" v="~|no|false">
                        <!-- highway casings -->
                        <rule e="way" k="highway" v="steps">
                            <line stroke="#707070" stroke-width="0.6" />
                        </rule>
                        <rule e="way" k="highway" v="footway|path">
                            <line stroke="#707070" stroke-dasharray="2,2" stroke-linecap="butt"
                                stroke-width="0.6" />
                        </rule>
                        <rule e="way" k="highway" v="track">
                            <rule e="way" k="tracktype" v="grade1">
                                <line stroke="#d79331" stroke-width="1.0" />
                            </rule>
                            <rule e="way" k="tracktype" v="grade2">
                                <line stroke="#d79331" stroke-dasharray="18,9" stroke-linecap="butt"
                                    stroke-width="1.0" />
                            </rule>
                            <rule e="way" k="tracktype" v="grade3">
                                <line stroke="#d79331" stroke-dasharray="10,13"
                                    stroke-linecap="butt" stroke-width="1.0" />
                            </rule>
                            <rule e="way" k="tracktype" v="grade4">
                                <line stroke="#d79331" stroke-dasharray="5,10,3,10"
                                    stroke-linecap="butt" stroke-width="1.0" />
                            </rule>
                            <rule e="way" k="tracktype" v="grade5">
                                <line stroke="#d79331" stroke-dasharray="3,10" stroke-linecap="butt"
                                    stroke-width="1.0" />
                            </rule>
                            <rule e="way" k="tracktype" v="~|no|false">
                                <line stroke="#d79331" stroke-dasharray="18,2" stroke-linecap="butt"
                                    stroke-width="1.0" />
                            </rule>
                        </rule>
                        <rule e="way" k="highway" v="cycleway|bridleway|service">
                            <line stroke="#707070" stroke-width="1.0" />
                        </rule>
                        <rule e="way" k="highway" v="byway">
                            <line stroke="#707070" stroke-dasharray="7,2" stroke-linecap="butt"
                                stroke-width="1.5" />
                        </rule>
                        <rule e="way" k="highway"
                            v="pedestrian|unclassified|residential|living_street">
                            <line stroke="#707070" stroke-width="1.5" />
                        </rule>
                        <rule e="way" k="highway"
                            v="tertiary_link|tertiary|secondary_link|primary_link|trunk_link|motorway_link|secondary|primary|trunk">
                            <line stroke="#707070" stroke-linecap="butt" stroke-width="1.8" />
                        </rule>
                        <rule e="way" k="highway" v="motorway">
                            <line stroke="#707070" stroke-linecap="butt" stroke-width="2.0" />
                        </rule>
                    </rule>

                    <!-- bridge -->
                    <rule e="way" k="bridge" v="yes|true">
                        <!-- highway casings -->
                        <rule e="way" k="highway" v="steps|footway|path">
                            <line stroke="#000000" stroke-linecap="butt" stroke-width="0.7" />
                        </rule>
                        <rule e="way" k="highway" v="track|cycleway|bridleway|service">
                            <line stroke="#000000" stroke-linecap="butt" stroke-width="1.1" />
                        </rule>
                        <rule e="way" k="highway" v="construction">
                            <line stroke="#000000" stroke-linecap="butt" stroke-width="1.2" />
                        </rule>
                        <rule e="way" k="highway" v="road">
                            <line stroke="#000000" stroke-linecap="butt" stroke-width="1.4" />
                        </rule>
                        <rule e="way" k="highway"
                            v="pedestrian|unclassified|residential|living_street|byway">
                            <line stroke="#000000" stroke-linecap="butt" stroke-width="1.6" />
                        </rule>
                        <rule e="way" k="highway"
                            v="tertiary_link|tertiary|secondary_link|primary_link|trunk_link|motorway_link|secondary|primary|trunk">
                            <line stroke="#000000" stroke-linecap="butt" stroke-width="1.9" />
                        </rule>
                        <rule e="way" k="highway" v="motorway">
                            <line stroke="#000000" stroke-linecap="butt" stroke-width="2.1" />
                        </rule>
                    </rule>
                </rule>
            </rule>
        </rule>


        <!-- building -->
        <rule e="way" k="building" v="*">
            <area fill="#f3d6b6" stroke="#6a5a8e" stroke-width="0.2" />

            <rule e="way" k="*" v="*" zoom-min="17">
                <caption fill="#4040ff" font-size="10" font-style="bold" k="name" stroke="#ffffff"
                    stroke-width="2.0" />
                <caption fill="#606060" font-size="10" font-style="bold" k="addr:housenumber"
                    stroke="#ffffff" stroke-width="2.0" />
            </rule>
        </rule>


        <rule e="way" k="highway" v="*">
            <!-- no tunnel -->
            <rule e="way" k="tunnel" v="~|no|false">
                <!-- no area -->
                <rule e="way" k="area" v="~|no|false">
                    <!-- highway cores -->
                    <rule e="way" k="highway" v="steps">
                        <line stroke="#e5e0c2" stroke-dasharray="3,1" stroke-linecap="butt"
                            stroke-width="0.45" />
                        <rule e="way" k="*" v="*" zoom-min="15">
                            <pathText font-size="10" font-style="bold" k="name" stroke="#e5e0c2"
                                stroke-width="2.0" />
                        </rule>
                    </rule>
                    <rule e="way" k="highway" v="footway">
                        <line stroke="#e5e0c2" stroke-width="0.45" />
                        <rule e="way" k="*" v="*" zoom-min="15">
                            <pathText font-size="10" font-style="bold" k="name" stroke="#e5e0c2"
                                stroke-width="2.0" />
                        </rule>
                    </rule>
                    <rule e="way" k="highway" v="path">
                        <line stroke="#d0d0d0" stroke-width="0.45" />
                        <rule e="way" k="*" v="*" zoom-min="15">
                            <pathText font-size="10" font-style="bold" k="name" stroke="#d0d0d0"
                                stroke-width="2.0" />
                        </rule>
                    </rule>
                    <rule e="way" k="highway" v="track">
                        <rule e="way" k="tracktype" v="grade1">
                            <line stroke="#fffaf2" stroke-width="0.75" />
                            <rule e="way" k="*" v="*" zoom-min="15">
                                <pathText font-size="10" font-style="bold" k="name" stroke="#fffaf2"
                                    stroke-width="2.0" />
                            </rule>
                        </rule>
                        <rule e="way" k="tracktype" v="grade2">
                            <line stroke="#fff2de" stroke-width="0.75" />
                            <rule e="way" k="*" v="*" zoom-min="15">
                                <pathText font-size="10" font-style="bold" k="name" stroke="#fff2de"
                                    stroke-width="2.0" />
                            </rule>
                        </rule>
                        <rule e="way" k="tracktype" v="grade3">
                            <line stroke="#fff2de" stroke-width="0.7" />
                            <rule e="way" k="*" v="*" zoom-min="15">
                                <pathText font-size="10" font-style="bold" k="name" stroke="#fff2de"
                                    stroke-width="2.0" />
                            </rule>
                        </rule>
                        <rule e="way" k="tracktype" v="grade4">
                            <line stroke="#fff2de" stroke-width="0.7" />
                            <rule e="way" k="*" v="*" zoom-min="15">
                                <pathText font-size="10" font-style="bold" k="name" stroke="#fff2de"
                                    stroke-width="2.0" />
                            </rule>
                        </rule>
                        <rule e="way" k="tracktype" v="grade5">
                            <line stroke="#fff2de" stroke-width="0.7" />
                            <rule e="way" k="*" v="*" zoom-min="15">
                                <pathText font-size="10" font-style="bold" k="name" stroke="#fff2de"
                                    stroke-width="2.0" />
                            </rule>
                        </rule>
                        <rule e="way" k="tracktype" v="~|no|false">
                            <line stroke="#fff2de" stroke-width="0.75" />
                            <rule e="way" k="*" v="*" zoom-min="15">
                                <pathText font-size="10" font-style="bold" k="name" stroke="#fff2de"
                                    stroke-width="2.0" />
                            </rule>
                        </rule>
                    </rule>
                    <rule e="way" k="highway" v="cycleway">
                        <line stroke="#d1fad1" stroke-width="0.85" />
                        <rule e="way" k="*" v="*" zoom-min="15">
                            <pathText font-size="10" font-style="bold" k="name" stroke="#d1fad1"
                                stroke-width="2.0" />
                        </rule>
                    </rule>
                    <rule e="way" k="highway" v="bridleway">
                        <line stroke="#d3cb98" stroke-width="0.85" />
                        <rule e="way" k="*" v="*" zoom-min="15">
                            <pathText font-size="10" font-style="bold" k="name" stroke="#d3cb98"
                                stroke-width="2.0" />
                        </rule>
                    </rule>
                    <rule e="way" k="highway" v="service">
                        <line stroke="#ffffff" stroke-width="0.85" />
                        <rule e="way" k="*" v="*" zoom-min="15">
                            <pathText font-size="10" font-style="bold" k="name" stroke="#ffffff"
                                stroke-width="2.0" />
                        </rule>
                    </rule>
                    <rule e="way" k="highway" v="construction">
                        <line stroke="#d0d0d0" stroke-width="1.0" />
                        <rule e="way" k="*" v="*" zoom-min="15">
                            <pathText font-size="10" font-style="bold" k="name" stroke="#d0d0d0"
                                stroke-width="2.0" />
                        </rule>
                    </rule>
                    <rule e="way" k="highway" v="road">
                        <line stroke="#d0d0d0" stroke-width="1.25" />
                        <rule e="way" k="*" v="*" zoom-min="15">
                            <pathText font-size="10" font-style="bold" k="name" stroke="#d0d0d0"
                                stroke-width="2.0" />
                        </rule>
                    </rule>
                    <rule e="way" k="highway" v="pedestrian">
                        <line stroke="#e5e0c2" stroke-width="1.35" />
                        <rule e="way" k="*" v="*" zoom-min="15">
                            <pathText font-size="10" font-style="bold" k="name" stroke="#e5e0c2"
                                stroke-width="2.0" />
                        </rule>
                    </rule>
                    <rule e="way" k="highway" v="unclassified|residential|living_street">
                        <line stroke="#ffffff" stroke-width="1.35" />
                        <rule e="way" k="*" v="*" zoom-min="15">
                            <pathText font-size="10" font-style="bold" k="name" stroke="#ffffff"
                                stroke-width="2.0" />
                        </rule>
                    </rule>
                    <rule e="way" k="highway" v="byway">
                        <line stroke="#efadaa" stroke-width="1.35" />
                        <rule e="way" k="*" v="*" zoom-min="15">
                            <pathText font-size="10" font-style="bold" k="name" stroke="#efadaa"
                                stroke-width="2.0" />
                        </rule>
                    </rule>
                    <rule e="way" k="highway" v="tertiary|tertiary_link">
                        <line stroke="#ffff90" stroke-width="1.5" />
                        <rule e="way" k="*" v="*" zoom-min="14">
                            <pathText font-size="10" font-style="bold" k="name" stroke="#ffff90"
                                stroke-width="2.0" />
                        </rule>
                    </rule>
                    <rule e="way" k="highway" v="secondary_link">
                        <line stroke="#fdbf6f" stroke-width="1.5" />
                        <rule e="way" k="*" v="*" zoom-min="14">
                            <pathText font-size="10" font-style="bold" k="name" stroke="#fdbf6f"
                                stroke-width="2.0" />
                        </rule>
                    </rule>
                    <rule e="way" k="highway" v="primary_link">
                        <line stroke="#e46d71" stroke-width="1.5" />
                        <rule e="way" k="*" v="*" zoom-min="14">
                            <pathText font-size="10" font-style="bold" k="name" stroke="#e46d71"
                                stroke-width="2.0" />
                        </rule>
                    </rule>
                    <rule e="way" k="highway" v="trunk_link">
                        <line stroke="#7fc97f" stroke-width="1.5" />
                        <rule e="way" k="*" v="*" zoom-min="14">
                            <pathText font-size="10" font-style="bold" k="name" stroke="#7fc97f"
                                stroke-width="2.0" />
                        </rule>
                    </rule>
                    <rule e="way" k="highway" v="motorway_link">
                        <line stroke="#809bc0" stroke-width="1.5" />
                        <rule e="way" k="*" v="*" zoom-min="14">
                            <pathText font-size="10" font-style="bold" k="name" stroke="#809bc0"
                                stroke-width="2.0" />
                        </rule>
                    </rule>
                    <rule e="way" k="highway" v="secondary">
                        <line stroke="#fdbf6f" stroke-width="1.5" />
                        <rule e="way" k="*" v="*" zoom-min="14">
                            <pathText font-size="10" font-style="bold" k="name" stroke="#fdbf6f"
                                stroke-width="2.0" />
                        </rule>
                    </rule>
                    <rule e="way" k="highway" v="primary">
                        <line stroke="#e46d71" stroke-width="1.5" />
                        <rule e="way" k="*" v="*" zoom-min="14">
                            <pathText font-size="10" font-style="bold" k="name" stroke="#e46d71"
                                stroke-width="2.0" />
                            <pathText fill="#606060" font-size="12" font-style="bold" k="ref"
                                stroke="#ffffff" stroke-width="2.0" />
                        </rule>
                    </rule>
                    <rule e="way" k="highway" v="trunk">
                        <line stroke="#7fc97f" stroke-width="1.5" />
                        <rule e="way" k="*" v="*" zoom-min="14">
                            <pathText font-size="10" font-style="bold" k="name" stroke="#7fc97f"
                                stroke-width="2.0" />
                            <pathText fill="#606060" font-size="12" font-style="bold" k="ref"
                                stroke="#ffffff" stroke-width="2.0" />
                        </rule>
                    </rule>
                    <rule e="way" k="highway" v="motorway">
                        <line stroke="#809bc0" stroke-width="1.7" />
                        <rule e="way" k="*" v="*" zoom-min="14">
                            <pathText font-size="10" font-style="bold" k="name" stroke="#809bc0"
                                stroke-width="2.0" />
                            <pathText fill="#606060" font-size="12" font-style="bold" k="ref"
                                stroke="#ffffff" stroke-width="2.0" />
                        </rule>
                    </rule>

                    <rule e="way" k="highway" v="*" zoom-min="16">
                        <rule e="way" k="access" v="destination">
                            <line src="jar:patterns/access-destination.png" stroke-width="1.5" />
                        </rule>
                        <rule e="way" k="access" v="private">
                            <line src="jar:patterns/access-private.png" stroke-width="1.5" />
                        </rule>
                    </rule>
                </rule>
            </rule>
        </rule>


        <!-- runways cores -->
        <rule e="way" k="aeroway" v="*">
            <rule e="way" k="aeroway" v="runway">
                <line stroke="#d4dcbd" stroke-linecap="square" stroke-width="4.5" />
            </rule>
            <rule e="way" k="aeroway" v="taxiway">
                <line stroke="#d4dcbd" stroke-linecap="butt" stroke-width="1.8" />
            </rule>
        </rule>


        <!-- man_made features -->
        <rule e="way" k="man_made" v="pier">
            <rule closed="no" e="way" k="*" v="*">
                <line stroke="#d0d0d0" stroke-linecap="butt" stroke-width="0.4" />
                <line stroke="#e4e4e4" stroke-linecap="butt" stroke-width="0.3" />
            </rule>
            <rule closed="yes" e="way" k="*" v="*">
                <area fill="#e4e4e4" stroke="#d0d0d0" stroke-width="0.05" />
            </rule>
        </rule>


        <!-- barriers -->
        <rule e="way" k="barrier" v="*">
            <rule e="way" k="barrier" v="fence|wall|city_wall">
                <line stroke="#000000" stroke-linecap="butt" stroke-width="0.1" />
            </rule>
            <rule e="way" k="barrier" v="retaining_wall">
                <line stroke="#888888" stroke-linecap="butt" stroke-width="0.1" />
            </rule>
        </rule>


        <!-- non-physical routes -->
        <rule e="way" k="route" v="ferry">
            <line stroke="#707070" stroke-dasharray="15,10" stroke-linecap="butt"
                stroke-width="0.3" />
        </rule>


        <!-- highway one-way markers -->
        <rule e="way" k="tunnel" v="~|false|no">
            <rule e="way" k="area" v="~|false|no">
                <rule e="way" k="highway" v="*">
                    <rule e="way" k="oneway" v="yes|true" zoom-min="16">
                        <lineSymbol align-center="true" repeat="true"
                            src="jar:symbols/oneway.svg" />
                    </rule>
                </rule>
            </rule>
        </rule>


        <!-- pistes -->
        <rule e="way" k="piste:type" v="*">
            <!-- piste areas -->
            <rule closed="yes" e="way" k="piste:type" v="downhill">
                <rule e="way" k="piste:difficulty" v="novice">
                    <area fill="#5540ff40" stroke="#5540ff40" stroke-width="5.0" />
                </rule>
                <rule e="way" k="piste:difficulty" v="easy">
                    <area fill="#554040ff" stroke="#554040ff" stroke-width="5.0" />
                </rule>
                <rule e="way" k="piste:difficulty" v="intermediate">
                    <area fill="#55ff4040" stroke="#55ff4040" stroke-width="5.0" />
                </rule>
                <rule e="way" k="piste:difficulty" v="advanced">
                    <area fill="#55000000" stroke="#55000000" stroke-width="5.0" />
                </rule>
                <rule e="way" k="piste:difficulty" v="expert">
                    <area fill="#55f6800a" stroke="#55f6800a" stroke-width="5.0" />
                </rule>
                <rule e="way" k="piste:difficulty" v="freeride">
                    <area fill="#55f6dd0a" stroke="#55f6dd0a" stroke-width="5.0" />
                </rule>
                <rule e="way" k="piste:difficulty" v="~">
                    <area fill="#55505050" stroke="#55505050" stroke-width="5.0" />
                </rule>

                <rule e="way" k="*" v="*" zoom-min="16">
                    <caption fill="#000000" font-size="10" font-style="bold" k="name"
                        stroke="#ffffff" stroke-width="2.0" />
                </rule>
            </rule>

            <!-- piste ways -->
            <rule closed="no" e="way" k="piste:type" v="downhill">
                <rule e="way" k="piste:difficulty" v="novice">
                    <line stroke="#5540ff40" stroke-width="5.0" />
                </rule>
                <rule e="way" k="piste:difficulty" v="easy">
                    <line stroke="#554040ff" stroke-width="5.0" />
                </rule>
                <rule e="way" k="piste:difficulty" v="intermediate">
                    <line stroke="#55ff4040" stroke-width="5.0" />
                </rule>
                <rule e="way" k="piste:difficulty" v="advanced">
                    <line stroke="#55000000" stroke-width="5.0" />
                </rule>
                <rule e="way" k="piste:difficulty" v="expert">
                    <line stroke="#55f6800a" stroke-width="5.0" />
                </rule>
                <rule e="way" k="piste:difficulty" v="freeride">
                    <line stroke="#55f6dd0a" stroke-width="5.0" />
                </rule>
                <rule e="way" k="piste:difficulty" v="~">
                    <line stroke="#55505050" stroke-width="5.0" />
                </rule>
                <rule e="way" k="*" v="*" zoom-min="14">
                    <pathText fill="#000000" font-size="10" font-style="bold" k="name"
                        stroke="#ffffff" stroke-width="2.0" />
                </rule>
            </rule>
            <rule e="way" k="piste:type" v="sled">
                <line stroke="#cdabde" stroke-width="2.5" />
            </rule>
            <rule e="way" k="piste:type" v="nordic">
                <line stroke="#c00000" stroke-dasharray="30,5" stroke-linecap="butt"
                    stroke-width="1.0" />
            </rule>
        </rule>


        <!-- aerial ways -->
        <rule e="way" k="aerialway" v="*">
            <line stroke="#202020" stroke-linecap="butt" stroke-width="0.4" />
            <line stroke="#202020" stroke-dasharray="2,200" stroke-linecap="butt"
                stroke-width="4.0" />
            <rule e="way" k="aerialway" v="cable_car">
                <lineSymbol src="jar:symbols/cable_car.svg" />
            </rule>
            <rule e="way" k="aerialway" v="chair_lift">
                <lineSymbol src="jar:symbols/chair_lift.svg" />
            </rule>
            <rule e="way" k="aerialway" v="gondola">
                <lineSymbol src="jar:symbols/gondola.svg" />
            </rule>
            <rule e="way" k="*" v="*" zoom-min="14">
                <pathText fill="#606060" font-size="10" font-style="bold" k="name" stroke="#ffffff"
                    stroke-width="2.0" />
            </rule>
        </rule>


        <!-- railway (no tunnel) -->
        <rule e="way" k="railway" v="*">
            <rule e="way" k="tunnel" v="~|false|no">
                <rule e="way" k="railway" v="station">
                    <area fill="#9b9b79" stroke="#707070" stroke-width="0.3" />
                </rule>

                <!-- railway bridge casings -->
                <rule e="way" k="bridge" v="yes|true">
                    <rule e="way" k="railway" v="tram">
                        <line stroke="#000000" stroke-linecap="butt" stroke-width="0.4" />
                    </rule>
                    <rule e="way" k="railway" v="subway|light_rail|narrow_gauge">
                        <line stroke="#000000" stroke-linecap="butt" stroke-width="0.6" />
                    </rule>
                    <rule e="way" k="railway" v="rail">
                        <line stroke="#000000" stroke-linecap="butt" stroke-width="0.8" />
                    </rule>
                </rule>

                <!-- railway casings and cores -->
                <rule e="way" k="railway" v="tram">
                    <line stroke="#e6b7e6" stroke-linecap="butt" stroke-width="0.25" />
                    <line stroke="#4c0f4c" stroke-dasharray="12,18" stroke-linecap="butt"
                        stroke-width="0.25" />
                </rule>
                <rule e="way" k="railway" v="subway">
                    <line stroke="#0f0f4c" stroke-linecap="butt" stroke-width="0.4" />
                    <line stroke="#b7b7e6" stroke-dasharray="12,18" stroke-linecap="butt"
                        stroke-width="0.25" />
                </rule>
                <rule e="way" k="railway" v="light_rail">
                    <line stroke="#0f4c0f" stroke-linecap="butt" stroke-width="0.4" />
                    <line stroke="#b7e6e6" stroke-linecap="butt" stroke-width="0.25" />
                    <line stroke="#0f4c0f" stroke-dasharray="12,18" stroke-linecap="butt"
                        stroke-width="0.25" />
                </rule>
                <rule e="way" k="railway" v="narrow_gauge">
                    <line stroke="#333333" stroke-linecap="butt" stroke-width="0.4" />
                    <line stroke="#e6e6e6" stroke-linecap="butt" stroke-width="0.25" />
                    <line stroke="#333333" stroke-dasharray="18,18" stroke-linecap="butt"
                        stroke-width="0.25" />
                </rule>
                <rule e="way" k="railway" v="rail">
                    <line stroke="#333333" stroke-linecap="butt" stroke-width="0.55" />
                    <line stroke="#e6e6e6" stroke-linecap="butt" stroke-width="0.4" />
                    <line stroke="#333333" stroke-dasharray="15,15" stroke-linecap="butt"
                        stroke-width="0.4" />
                </rule>
            </rule>
        </rule>


        <!-- non-physical boundaries -->
        <rule e="way" k="boundary" v="*">
            <rule e="way" k="boundary" v="national_park">
                <line stroke="#4ef94b" stroke-dasharray="15, 5, 5, 5" stroke-width="0.25" />
            </rule>
            <rule e="way" k="boundary" v="administrative">
                <rule e="way" k="admin_level" v="*">
                    <rule e="way" k="admin_level" v="11">
                        <line stroke="#f9574b" stroke-dasharray="1, 5" stroke-width="0.1" />
                    </rule>
                    <rule e="way" k="admin_level" v="10">
                        <line stroke="#f9574b" stroke-dasharray="5, 25" stroke-width="0.1" />
                    </rule>
                    <rule e="way" k="admin_level" v="9">
                        <line stroke="#f9574b" stroke-dasharray="15, 15" stroke-width="0.1" />
                    </rule>
                    <rule e="way" k="admin_level" v="8">
                        <line stroke="#f9574b" stroke-dasharray="15, 5, 5, 5" stroke-width="0.1" />
                    </rule>
                    <rule e="way" k="admin_level" v="7">
                        <line stroke="#f9574b" stroke-width="0.1" />
                    </rule>
                    <rule e="way" k="admin_level" v="6">
                        <line stroke="#f9574b" stroke-dasharray="5, 5" stroke-width="0.25" />
                    </rule>
                    <rule e="way" k="admin_level" v="5">
                        <line stroke="#f9574b" stroke-dasharray="15, 15" stroke-width="0.25" />
                    </rule>
                    <rule e="way" k="admin_level" v="4">
                        <line stroke="#f9574b" stroke-dasharray="15, 5, 5, 5" stroke-width="0.25" />
                    </rule>
                    <rule e="way" k="admin_level" v="3">
                        <line stroke="#f9574b" stroke-width="0.25" />
                    </rule>
                    <rule e="way" k="admin_level" v="2">
                        <line stroke="#80ffff00" stroke-width="0.75" />
                        <line stroke="#f9574b" stroke-dasharray="15, 15" stroke-width="0.25" />
                    </rule>
                    <rule e="way" k="admin_level" v="1">
                        <line stroke="#80ffff00" stroke-width="1.75" />
                        <line stroke="#f9574b" stroke-dasharray="15, 5, 5, 5" stroke-width="0.25" />
                    </rule>
                </rule>
            </rule>
        </rule>


        <!-- historic -->
        <rule e="way" k="historic" v="ruins" zoom-min="17">
            <caption fill="#4040ff" font-size="10" font-style="bold" k="name" stroke="#ffffff"
                stroke-width="2.0" />
        </rule>


        <!-- place -->
        <rule e="way" k="place" v="locality" zoom-min="17">
            <caption fill="#000000" font-size="10" font-style="bold" k="name" stroke="#ffffff"
                stroke-width="2.0" />
        </rule>
    </rule>


    <!-- nodes -->
    <rule e="node" k="*" v="*">
        <!-- aeroway -->
        <rule e="node" k="aeroway" v="*">
            <rule e="node" k="aeroway" v="helipad" zoom-min="17">
                <symbol src="jar:symbols/transport/helicopter.svg" />
            </rule>
            <rule e="node" k="aeroway" v="aerodrome|airport" zoom-max="13">
                <symbol src="jar:symbols/transport/airport2.svg" />
            </rule>
        </rule>


        <!-- amenity -->
        <rule e="node" k="amenity" v="*">
            <rule e="node" k="amenity" v="atm" zoom-min="17">
                <symbol src="jar:symbols/money/atm2.svg" />
            </rule>
            <rule e="node" k="amenity" v="bank" zoom-min="17">
                <symbol src="jar:symbols/money/bank2.svg" />
            </rule>
            <rule e="node" k="amenity" v="bench" zoom-min="17">
                <symbol src="jar:symbols/bench.svg" />
            </rule>
            <rule e="node" k="amenity" v="bicycle_rental" zoom-min="17">
                <symbol src="jar:symbols/transport/rental_bicycle.svg" />
            </rule>
            <rule e="node" k="amenity" v="bus_station" zoom-min="17">
                <symbol src="jar:symbols/transport/bus_station.svg" />
            </rule>
            <rule e="node" k="amenity" v="cafe" zoom-min="17">
                <symbol src="jar:symbols/food/cafe.svg" />
            </rule>
            <rule e="node" k="amenity" v="cinema" zoom-min="17">
                <symbol src="jar:symbols/tourist/cinema2.svg" />
            </rule>
            <rule e="node" k="amenity" v="drinking_water" zoom-min="17">
                <symbol src="jar:symbols/food/drinkingtap.svg" />
            </rule>
            <rule e="node" k="amenity" v="fast_food" zoom-min="17">
                <symbol src="jar:symbols/food/fastfood.svg" />
            </rule>
            <rule e="node" k="amenity" v="fire_station" zoom-min="17">
                <symbol src="jar:symbols/amenity/firestation3.svg" />
            </rule>
            <rule e="node" k="amenity" v="fountain" zoom-min="17">
                <symbol src="jar:symbols/amenity/fountain2.svg" />
            </rule>
            <rule e="node" k="amenity" v="fuel" zoom-min="17">
                <symbol src="jar:symbols/transport/fuel.svg" />
            </rule>
            <rule e="node" k="amenity" v="hospital" zoom-min="15">
                <symbol src="jar:symbols/health/hospital.svg" />
            </rule>
            <rule e="node" k="amenity" v="kindergarten" zoom-min="17">
                <symbol src="jar:symbols/education/nursery3.svg" />
            </rule>
            <rule e="node" k="amenity" v="library" zoom-min="17">
                <symbol src="jar:symbols/amenity/library.svg" />
            </rule>
            <rule e="node" k="amenity" v="parking" zoom-min="17">
                <symbol src="jar:symbols/transport/parking.svg" />
            </rule>
            <rule e="node" k="amenity" v="pharmacy" zoom-min="17">
                <symbol src="jar:symbols/health/pharmacy.svg" />
            </rule>
            <rule e="node" k="amenity" v="place_of_worship" zoom-min="17">
                <rule e="node" k="denomination|religion" v="buddhist">
                    <symbol src="jar:symbols/place_of_worship/buddhist.svg" />
                </rule>
                <rule e="node" k="denomination|religion" v="christian">
                    <symbol src="jar:symbols/place_of_worship/christian.svg" />
                </rule>
                <rule e="node" k="denomination|religion" v="hindu">
                    <symbol src="jar:symbols/place_of_worship/hindu.svg" />
                </rule>
                <rule e="node" k="denomination|religion" v="jewish">
                    <symbol src="jar:symbols/place_of_worship/jewish.svg" />
                </rule>
                <rule e="node" k="denomination|religion" v="muslim|moslem">
                    <symbol src="jar:symbols/place_of_worship/islamic.svg" />
                </rule>
                <rule e="node" k="denomination|religion" v="shinto">
                    <symbol src="jar:symbols/place_of_worship/shinto.svg" />
                </rule>
                <rule e="node" k="denomination|religion" v="~|*">
                    <symbol src="jar:symbols/place_of_worship/unknown.svg" />
                </rule>
            </rule>
            <rule e="node" k="amenity" v="post_box" zoom-min="17">
                <symbol src="jar:symbols/amenity/post_box.svg" />
            </rule>
            <rule e="node" k="amenity" v="post_office" zoom-min="17">
                <symbol src="jar:symbols/amenity/post_office.svg" />
            </rule>
            <rule e="node" k="amenity" v="pub" zoom-min="17">
                <symbol src="jar:symbols/food/pub.svg" />
            </rule>
            <rule e="node" k="amenity" v="bar" zoom-min="17">
                <symbol src="jar:symbols/food/bar.svg" />
            </rule>
            <rule e="node" k="amenity" v="recycling" zoom-min="17">
                <symbol src="jar:symbols/amenity/recycling.svg" />
            </rule>
            <rule e="node" k="amenity" v="restaurant" zoom-min="17">
                <symbol src="jar:symbols/food/restaurant.svg" />
            </rule>
            <rule e="node" k="amenity" v="school" zoom-min="17">
                <symbol src="jar:symbols/education/school.svg" />
            </rule>
            <rule e="node" k="amenity" v="shelter" zoom-min="17">
                <symbol src="jar:symbols/accommodation/shelter2.svg" />
            </rule>
            <rule e="node" k="amenity" v="telephone" zoom-min="17">
                <symbol src="jar:symbols/amenity/telephone.svg" />
            </rule>
            <rule e="node" k="amenity" v="theatre" zoom-min="17">
                <symbol src="jar:symbols/tourist/theatre.svg" />
            </rule>
            <rule e="node" k="amenity" v="toilets" zoom-min="17">
                <symbol src="jar:symbols/amenity/toilets.svg" />
            </rule>
            <rule e="node" k="amenity" v="university|college" zoom-min="17">
                <symbol src="jar:symbols/education/university.svg" />
            </rule>

            <rule e="node" k="*" v="*" zoom-min="17">
                <caption fill="#4040ff" font-size="10" font-style="bold" k="name" stroke="#ffffff"
                    stroke-width="2.0" />
            </rule>
        </rule>


        <!-- barrier -->
        <rule e="node" k="barrier" v="bollard">
            <circle fill="#707070" radius="1.5" />
        </rule>


        <!-- highway -->
        <rule e="node" k="highway" v="*">
            <rule e="node" k="highway" v="bus_stop" zoom-min="16">
                <symbol src="jar:symbols/transport/bus_stop.svg" />
            </rule>
            <rule e="node" k="highway" v="traffic_signals" zoom-min="17">
                <symbol src="jar:symbols/transport/traffic_lights.svg" />
            </rule>
            <rule e="node" k="highway" v="turning_circle">
                <circle fill="#ffffff" radius="1.4" scale-radius="true" />
            </rule>
        </rule>


        <!-- historic -->
        <rule e="node" k="historic" v="*">
            <symbol id="monument" src="jar:symbols/tourist/monument.svg" />

            <rule e="node" k="*" v="*" zoom-min="17">
                <caption fill="#4040ff" font-size="10" font-style="bold" k="name" position="above"
                    stroke="#ffffff" stroke-width="2.0" symbol-id="monument" />
            </rule>
        </rule>


        <!-- leisure -->
        <rule e="node" k="leisure" v="playground" zoom-min="17">
            <symbol src="jar:symbols/amenity/playground.svg" />
        </rule>


        <!-- man_made -->
        <rule e="node" k="man_made" v="windmill" zoom-min="17">
            <symbol src="jar:symbols/tourist/windmill.svg" />
        </rule>


        <!-- natural -->
        <rule e="node" k="natural" v="*">
            <rule e="node" k="natural" v="cave_entrance" zoom-min="15">
                <symbol src="jar:symbols/poi/cave.svg" />
            </rule>
            <rule e="node" k="natural" v="peak" zoom-min="12">
                <symbol id="peak" src="jar:symbols/peak.svg" />
                <caption fill="#4D2F08" font-size="12" font-style="bold" k="name" position="above"
                    stroke="#ffffff" stroke-width="2.0" symbol-id="peak" />
                <caption fill="#4D2F08" font-size="10" font-style="bold" k="ele" position="below"
                    stroke="#ffffff" stroke-width="2.0" symbol-id="peak" />
            </rule>
            <rule e="node" k="natural" v="volcano" zoom-min="12">
                <symbol src="jar:symbols/volcano.svg" />
            </rule>

            <rule e="node" k="*" v="*" zoom-min="17">
                <caption fill="#000000" font-size="10" font-style="bold" k="name" stroke="#ffffff"
                    stroke-width="2.0" />
            </rule>
        </rule>


        <!-- place -->
        <rule e="node" k="place" v="*">
            <rule e="node" k="place" v="locality" zoom-min="13">
                <caption fill="#606060" font-size="12" font-style="bold" k="name" stroke="#ffffff"
                    stroke-width="2.0" />
            </rule>
            <rule e="node" k="place" v="hamlet" zoom-min="13">
                <caption fill="#000000" font-size="13" font-style="bold" k="name" stroke="#ffffff"
                    stroke-width="2.0" />
            </rule>
            <rule e="node" k="place" v="suburb|town|village" zoom-min="12">
                <caption fill="#000000" font-size="15" font-style="bold" k="name" stroke="#ffffff"
                    stroke-width="2.0" />
            </rule>
            <rule e="node" k="place" v="island" zoom-min="10">
                <caption fill="#000000" font-size="20" font-style="bold" k="name" stroke="#ffffff"
                    stroke-width="2.0" />
            </rule>
            <rule e="node" k="place" v="city" zoom-max="14">
                <caption fill="#000000" font-size="25" font-style="bold" k="name" stroke="#ffffff"
                    stroke-width="2.0" />
            </rule>
            <rule e="node" k="place" v="country" zoom-max="6">
                <caption fill="#000000" font-size="25" font-style="bold" k="name" stroke="#ffffff"
                    stroke-width="2.0" />
            </rule>
        </rule>


        <!-- railway -->
        <rule e="node" k="railway" v="*">
            <rule e="node" k="railway" v="crossing" zoom-min="16">
                <symbol src="jar:symbols/railway-crossing-small.svg" />
            </rule>
            <rule e="node" k="railway" v="level_crossing" zoom-min="16">
                <symbol src="jar:symbols/railway-crossing.svg" />
            </rule>
            <rule e="node" k="railway" v="station" zoom-min="14">
                <symbol id="train_station" src="jar:symbols/transport/train_station2.svg" />
                <caption fill="#ec2d2d" font-size="12" font-style="bold" k="name" position="above"
                    stroke="#ffffff" stroke-width="2.0" symbol-id="train_station" />
            </rule>
            <rule e="node" k="railway" v="halt|tram_stop" zoom-min="17">
                <symbol id="tram_stop" src="jar:symbols/transport/tram_stop.svg" />
                <caption fill="#ec2d2d" font-size="12" font-style="bold" k="name" position="above"
                    stroke="#ffffff" stroke-width="2.0" symbol-id="tram_stop" />
            </rule>
        </rule>


        <!-- shop -->
        <rule e="node" k="shop" v="*">
            <rule e="node" k="shop" v="bakery" zoom-min="17">
                <symbol src="jar:symbols/shopping/bakery.svg" />
            </rule>
            <rule e="node" k="shop" v="supermarket|organic" zoom-min="17">
                <symbol src="jar:symbols/shopping/supermarket.svg" />
            </rule>

            <rule e="node" k="*" v="*" zoom-min="17">
                <caption fill="#4040ff" font-size="10" font-style="bold" k="name" stroke="#ffffff"
                    stroke-width="2.0" />
            </rule>
        </rule>


        <!-- tourism -->
        <rule e="node" k="tourism" v="*">
            <rule e="node" k="tourism" v="alpine_hut" zoom-min="16">
                <symbol src="jar:symbols/accommodation/alpinehut.svg" />
            </rule>
            <rule e="node" k="tourism" v="camp_site" zoom-min="17">
                <symbol src="jar:symbols/accommodation/camping.svg" />
            </rule>
            <rule e="node" k="tourism" v="hostel" zoom-min="17">
                <symbol src="jar:symbols/accommodation/hostel.svg" />
            </rule>
            <rule e="node" k="tourism" v="hotel" zoom-min="17">
                <symbol src="jar:symbols/accommodation/hotel2.svg" />
            </rule>
            <rule e="node" k="tourism" v="information" zoom-min="17">
                <symbol src="jar:symbols/tourist/information.svg" />
            </rule>
            <rule e="node" k="tourism" v="viewpoint" zoom-min="15">
                <symbol src="jar:symbols/tourist/view_point.svg" />
            </rule>
            <rule e="node" k="tourism" v="museum" zoom-min="15">
                <symbol src="jar:symbols/tourist/museum.svg" />
            </rule>

            <rule e="node" k="*" v="*" zoom-min="17">
                <caption fill="#4040ff" font-size="10" font-style="bold" k="name" stroke="#ffffff"
                    stroke-width="2.0" />
            </rule>
        </rule>


        <!-- house numbers -->
        <rule e="node" k="addr:housenumber" v="*" zoom-min="17">
            <caption fill="#606060" font-size="10" font-style="bold" k="addr:housenumber"
                stroke="#ffffff" stroke-width="2.0" />
        </rule>
    </rule>

</rendertheme>
